source,keyword,title,url,snippet,scraped_at,publication_info
Sikkim Government,sikkim organic farming,"An official website of the Government of Sikkim, India",https://www.sikkim.gov.in/,,2026-05-19T12:59:08.657017,
Sikkim Government,sikkim organic farming,dit-sik[at]nic[dot]in,,,2026-05-19T12:59:08.657433,
Sikkim Government,sikkim organic farming,Agriculture Department,,,2026-05-19T12:59:08.659334,
Sikkim Government,sikkim organic farming,View All Notifications & Circulars,,,2026-05-19T12:59:08.659731,
Google Scholar,sikkim organic farming,"Lesson learned oforganicagriculturalpolicyofsikkimstate, India to Thailand",https://so04.tci-thaijo.org/index.php/NCRJ/article/view/263600,… This documentary research examined the lessons learned about theorganicfarmingpolicyofSikkimand knowledge to apply in Thailand to increase the nation’s certified …,2026-05-19T12:59:17.919053,"B Paunglad - NIDA Case Research Journal, 2022 - so04.tci-thaijo.org"
Google Scholar,sikkim organic farming,[PDF]Sikkim's OrganicRevolution: A Sustainable Agricultural Model for Rural and Urban Resilience,https://wgges.us/wp-content/uploads/021205.pdf,"…ecologicaloutcomes oforganicfarminginSikkim. 2. To assessfarmerperspectives on cost,productivity, andpolicy… explore rooftopfarmingas a model for urban food security inSikkim. …",2026-05-19T12:59:17.919272,"SC Gaikwad - Environment, 2025 - wgges.us"
Google Scholar,sikkim organic farming,[PDF]Sikkim: making of the first 100%Organicstate of the world,https://www.researchgate.net/profile/Alka-Parikh/publication/369753410_Sikkim_Making_of_the_first_100_organic_state_of_the_world_paper_presented_at_14th_International_Conference_on_Environmental_and_Rural_Development_Siem_Reap_Cambodia_3-5_March_2023/links/655c8b213fa26f66f41ab28d/Sikkim-Making-of-the-first-100-organic-state-of-the-world-paper-presented-at-14th-International-Conference-on-Environmental-and-Rural-Development-Siem-Reap-Cambodia-3-5-March-2023.pdf,… a trulyorganicstate. This paper shows the path taken bySikkimto become a fullyorganicstate… ●Sikkimcould make itsfarmersadoptorganicfarming. Such a radical change would not …,2026-05-19T12:59:17.919462,"A Parikh- Indian Journal of Sustainable Development, 2023 - researchgate.net"
Google Scholar,sikkim organic farming,[PDF]ORGANIC FARMINGAND MARKETING STATUS OFORGANIC PRODUCEINSIKKIM: A REVIEW (PAPER CODE: E5),https://www.researchgate.net/profile/Mohamed-Zaheeruddin/publication/383713889_DETERMINANTS_OF_DEPOSIT_MOBILIZATIONIN_PRIVATE_COMMERCIAL_BANKS_INWERABE_TOWN_ETHIOPIA-_Sustainability_and_Innovation_in_Business_Research_and_Economic_Reforms_ICBMAET-23_Editors_ICBM-SBE_School_of_Bu/links/66d81cef64f7bf7b1979cd4f/DETERMINANTS-OF-DEPOSIT-MOBILIZATIONIN-PRIVATE-COMMERCIAL-BANKS-INWERABE-TOWN-ETHIOPIA-Sustainability-and-Innovation-in-Business-Research-and-Economic-Reforms-ICBMAET-23-Editors-ICBM-SBE-School-of-B.pdf#page=52,"… state which will be achieved with the targeted period as per human resource developmentplan”, in line with thispolicytheorganicinitiatives was given a formal shape with the launch …",2026-05-19T12:59:17.919634,"B Gurung,R Rai- Sustainability and Innovation in Business Research … - researchgate.net"
Google Scholar,sikkim organic farming,[PDF]Handbook oforganiccrop production inSikkim,https://www.researchgate.net/profile/A-Vijayan/publication/326983861_Handbook_of_Organic_Crop_Production_in_Sikkim/links/5b7018be299bf14c6d9acb71/Handbook-of-Organic-Crop-Production-in-Sikkim.pdf,"… This book is a major step forward to takeorganicfarmingto the next level with indigenous… ,SikkimCentre. This book witl prove to be of immense help toagriculturescientists,policy…",2026-05-19T12:59:17.919802,"RK Avasthe, Y Pradhan, K Bhutia -Sikkim OrganicMission, Govt …, 2014 - researchgate.net"
Google Scholar,sikkim organic farming,[PDF]Factors influencing the adoption oforganic farmingby thefarmersof North District ofSikkim,https://www.academia.edu/download/53383045/Factors_Influencing_the_Adoption_of_Organic_Farming_by_the_Farmers_of_North_District_of_Sikkim.pdf,"…organicfarmingwhereasfarm…farmeconomy, socio-economic, education, land holding andresource use efficiency which are also associated with adoption oforganicfarminginSikkim. …",2026-05-19T12:59:17.919980,"M Pradhan, B Tripura, TK Mondal, RR Darnnel… - Int J Adv Sci Res …, 2017 - academia.edu"
Google Scholar,sikkim organic farming,Sikkim'stransition toorganic farming: Assessing structural break using dummy variable model,https://indianjournals.com/api/article-view/jcmsd-18-4-018,"… To implement thepoliciesand programmes oforganicfarmingin a mission mode and tofully transform the state into anorganicstate,SikkimOrganicMission was launched on 15th …",2026-05-19T12:59:17.920135,"M Gamoh,SM Feroze,R Singh… - Journal of Community …, 2023 - indianjournals.com"
Google Scholar,sikkim organic farming,A Case Study onSikkim'sSustainability Initiatives and Economic Implication.,https://search.ebscohost.com/login.aspx?direct=true&profile=ehost&scope=site&authtype=crawler&jrnl=23947675&AN=188790650&h=Xf11sJhxH5DuD%2B6bubY2rr63BMpfW3ysDQana85dgrXL%2Bmbasc%2BKA55PruhMC8g47ERN7cjyT94es7nCjNiGWg%3D%3D&crl=c,"…Sikkim’s transition toorganicfarminghas not only improved …farmers’ incomes throughpremium pricedorganicproduce. …organicfarmingtechniques, governmentpoliciessupporting …",2026-05-19T12:59:17.920283,"S Sarma, K Prity - Indian Journal of Sustainable …, 2025 - search.ebscohost.com"
Google Scholar,sikkim organic farming,[PDF]Economics ofOrganicCashCropsand FoodCropsinSikkim: Comparative Study,http://www.dspace.cus.ac.in/jspui/bitstream/1/3152/1/Bishnu%20Kumar%20Portel.pdf,… India is also lacking in suitableagriculturepolicypromotion oforganicagricultureboth for …will have to be dealt within an appropriateagriculturepolicyof India. Lack of financial support …,2026-05-19T12:59:17.920484,BK Portel - 2015 - dspace.cus.ac.in
Google Scholar,sikkim organic farming,"[C]Integratingfarmerproducer organisations insikkim organicmission: Opportunities, challenges andpolicymeasures",,,2026-05-19T12:59:17.920667,"R Gurung,M Choubey- South Asian Journal of Social Studies and Economics, 2021"
Google Scholar,sikkim ecotourism,Ecotourism Policiesand Sustainable Development: A Case Study ofSikkim,https://www.igi-global.com/chapter/ecotourism-policies-and-sustainable-development/378844,"…ecotourismpoliciesinSikkim, India, focusing on their alignment with sustainable developmentobjectives.Ecotourism… data sources, including governmentpolicydocuments, academic …",2026-05-19T12:59:36.988904,"A Mitra, A Tripathy - Balancing Mountain Tourism, Cultural Heritage …, 2025 - igi-global.com"
Google Scholar,sikkim ecotourism,[PDF]From life cycles to path dependence:Ecotourismpath formation inSikkim(India),https://www.researchgate.net/profile/Prabuddh-Mishra/publication/401718580_FROM_LIFE_CYCLES_TO_PATH_DEPENDENCE_ECOTOURISM_PATH_FORMATION_IN_SIKKIM_INDIA/links/69af85bf4c39af26801e0766/FROM-LIFE-CYCLES-TO-PATH-DEPENDENCE-ECOTOURISM-PATH-FORMATION-IN-SIKKIM-INDIA.pdf,"… restrictions, environmentalpoliciesand the institutionalisation ofecotourismas a dominant… to organic farming, the 2011EcotourismPolicy, and the declaration ofSikkimas India’s first …",2026-05-19T12:59:36.989121,"K Matlovičová,S Sharma,Y Sharma… - … of Tourism and …, 2026 - researchgate.net"
Google Scholar,sikkim ecotourism,[PDF]Sustainable Tourism Planning and Development: A Study of Selected tourist destinations ofSikkim,https://dspace.cus.ac.in/jspui/bitstream/1/8142/1/JECKME%20NAMGYAL%20BHUTIA-1.pdf,"… , some of which includeecotourismpolicies, community-based tourism initiatives, responsibletrekkingpolicies, and animal conservation activities. Thesepoliciesand initiatives are all …",2026-05-19T12:59:36.989282,JN Bhutia - 2024 - dspace.cus.ac.in
Google Scholar,sikkim ecotourism,"Conservationpolicies, eco-tourism, and end of pastoralism in Indian Himalaya?",https://www.frontiersin.org/journals/sustainable-food-systems/articles/10.3389/fsufs.2021.613998/full,"… the vicinity of KNP, WestSikkim. The grazing banpolicyand concomitant promotion of tourismcaused … The lessons from this study can help design effective futurepolicyinterventions in …",2026-05-19T12:59:36.989423,"R Singh,RK Sharma, TU Bhutia, K Bhutia… - Frontiers in Sustainable …, 2021 - frontiersin.org"
Google Scholar,sikkim ecotourism,[PDF]Sikkim; A Role Model ofEcotourismin India: A Critical Analysis,https://www.researchgate.net/profile/Amit-Kumar-252/publication/353192864_SIKKIM_A_ROLE_MODEL_OF_ECOTOURISM_IN_INDIA_A_CRITICAL_ANALYSIS/links/60ec556b16f9f3130079682d/SIKKIM-A-ROLE-MODEL-OF-ECOTOURISM-IN-INDIA-A-CRITICAL-ANALYSIS.pdf,… forSikkimand itsecotourismpolicy. This research paper aims to critically analyze the eco-tourismpolicyofSikkim… of eco-tourismpolicyon biodiversity and well being of local population. …,2026-05-19T12:59:36.989610,"A Kumar- Indian Streams Research Journal, 2014 - researchgate.net"
Google Scholar,sikkim ecotourism,Adequacy of GovernmentPolicyonEcotourism: A Case Study ofSikkim,https://www.igi-global.com/chapter/adequacy-of-government-policy-on-ecotourism/176303,"… The present case-study was undertaken atSikkim, a small … ofSikkimhas come up with aneco-tourismpolicydocument with a … This chapter investigates the adequacy of thepolicyin the …",2026-05-19T12:59:36.989770,"A Jha, S Shenga, S Mishra, M Mishra - Tourism and Opportunities for …, 2017 - igi-global.com"
Google Scholar,sikkim ecotourism,"Towards the development of sustainable tourism inSikkim, India: Issues and challenges",https://indianjournals.com/api/article-view/ijrss-9-2-046,"… As with other greenpoliciesof the state, this tourism mission statement elucidated strongpolitical will to guideSikkimtourism towards a sustainable future. TheSikkimecotourismpolicy, …",2026-05-19T12:59:36.989913,"S Das - International Journal of Research in Social Sciences, 2019 - indianjournals.com"
Google Scholar,sikkim ecotourism,Ecotourismand Sustainable Development in the Indian Himalayan Region: A Case Study ofSikkimand Darjeeling Hills,https://api.taylorfrancis.com/content/chapters/edit/download?identifierName=doi&identifierValue=10.1201/9781998511198-5&type=chapterpdf,… to the local communities of selectedecotourismvillages ofSikkimand Darjeeling hills. The… Although the study was carried out in variousecotourismsites withinSikkimand Darjeeling …,2026-05-19T12:59:36.990063,"JW Bhutia, SG Bhutia - Himalayan Mountain Tourism, 2026 - api.taylorfrancis.com"
Google Scholar,sikkim ecotourism,[PDF]Eco-tourism in Sikkim: a study on its prospects and problems,https://www.researchgate.net/profile/Konthoujam-Singh-2/publication/330982954_Bioresources_and_Traditional_Knowledge_of_Northeast_India/links/5c5e962f92851c48a9c496aa/Bioresources-and-Traditional-Knowledge-of-Northeast-India.pdf#page=374,"… After analysing the table, we can conclude thatSikkimstill has lots to do for the … theexecution of its TourismPolicy, 2010 andEcotourismPolicy, 2011. InSikkimover 82% of the …",2026-05-19T12:59:36.990649,"R Singha, JB Chakma - Traditional Knowledge, 2013 - researchgate.net"
Google Scholar,sikkim ecotourism,[PDF]Impact ofEcotourismon Village Economy and Society InSikkim,https://ir.nbu.ac.in/bitstreams/727163bd-3ddd-48a4-bb44-60eb616acb7a/download,… Analyses of the present state ofecotourisminSikkimand the future prospects have beenincluded in this thesis drawing comparisons from other parts of the country and the world. …,2026-05-19T12:59:36.991610,B Oommen - 2016 - ir.nbu.ac.in
Google Scholar,sikkim climate change,[PDF]Climate changeinSikkim: A synthesis,http://www.sikkimforest.gov.in/climate-change-in-sikkim/23-Chapter-CLIMATE%20CHANGE%20IN%20SIKKIM%20A%20SYNTHESIS.pdf,"… be confronted by multifaceted, comprehensive approaches at thepolicylevel, includinglocal, regional andglobalstrategies. The United Nations Framework Convention on …",2026-05-19T12:59:54.760365,"KS Bawa,T Ingty-Climate ChangeinSikkim, Patterns, Impacts …, 2012 - sikkimforest.gov.in"
Google Scholar,sikkim climate change,[PDF]Climate Changeinitiatives insikkim,http://sikkimforest.gov.in/climate-change-in-sikkim/22-Chapter_Climate%20Change%20Initiatives%20in%20Sikkim.pdf,… In this study it was found thatclimatechangeimpacts have resulted … Hence whileclimatechangeadaptation-related developmental …climatechangeadaptationpolicyand programmes. …,2026-05-19T12:59:54.760571,"S Tambe, ML Arrawatia -Climate ChangeinSikkimPatterns …, 2012 - sikkimforest.gov.in"
Google Scholar,sikkim climate change,"Climate changeand poverty: building resilience of rural mountain communities in SouthSikkim, Eastern Himalaya, India",https://link.springer.com/article/10.1007/s10113-013-0471-1,"… due to the currentclimatechange. This study was conducted in SouthSikkim, a mountain …It is important toplandevelopment options in such a way that it enables these communities …",2026-05-19T12:59:54.760731,"A Barua, S Katyaini,B Mili, P Gooch - Regionalenvironmental change, 2014 - Springer"
Google Scholar,sikkim climate change,[PDF]Comparative Analysis ofClimate Policiesin Kerala andSikkim: Alignment with the IPCC Reports,https://www.ilee.org.in/ArchivePdf/Chapter10_9.pdf,"… :Climatechangepresents a complex and evolving challenge that necessitates region-specificpolicyresponses grounded inglobal… of theclimatepoliciesof Kerala andSikkim, two …",2026-05-19T12:59:54.760906,"P Gupta - Ind. J. of Landscape Systems and Ecological Studies, 2025 - ilee.org.in"
Google Scholar,sikkim climate change,Climate changeanalysis in Rangit Basin ofSikkimHimalaya,https://journals.sagepub.com/doi/abs/10.1177/0972558X221147205,"…climatethreat and adaptive capacity. This article intends to analyse and perceive CC in theRangit Basin,Sikkim. … Also, thepolicyinterventions at various levels could help these farmers …",2026-05-19T12:59:54.761053,"A Upadhyay,SC Rai- The Oriental Anthropologist, 2023 - journals.sagepub.com"
Google Scholar,sikkim climate change,"The Impact ofClimate Changein the Eastern Himalayan State ofSikkim, India: A Review",https://link.springer.com/chapter/10.1007/978-981-97-7110-3_18,"… thatclimatechange(CC) … ofSikkim, India, the current study reviewed secondary data fromliterature studies and scientific journals. Additionally, it also highlights importantenvironmental…",2026-05-19T12:59:54.761209,"S Sharma,AK Arya,A Bachheti-ClimateCrisis and Sustainable Solutions …, 2024 - Springer"
Google Scholar,sikkim climate change,Building resilience toclimate changeMGNREGS andclimate-induced droughts inSikkim,https://www.jstor.org/stable/pdf/resrep16599.pdf,…policyresponses toclimatechange- focusing onclimate… TheSikkimState ActionPlanonClimateChangeindicates that … all vulnerable to the impacts ofclimatechange(GoS 2012). Our …,2026-05-19T12:59:54.761437,"N Kaur, D Steinbach, A Agarwal, C Manuel - 2017 - JSTOR"
Google Scholar,sikkim climate change,"Declining large-cardamom production systems in theSikkimHimalayas:climate changeimpacts, agroeconomic potential, and revival strategies",https://bioone.org/journals/Mountain-Research-and-Development/volume-36/issue-3/MRD-JOURNAL-D-14-00122.1/Declining-Large-Cardamom-Production-Systems-in-the-Sikkim-Himalayas/10.1659/MRD-JOURNAL-D-14-00122.1.short,"… and Cash Crops Development Department, and the Spices Board Gangtok,Sikkim, needto develop a strategicplanto address these challenges to revive cardamom farming. …",2026-05-19T12:59:54.761593,"G Sharma, U Partap, DR Dahal, DP Sharma… - Mountain Research and …, 2016 - BioOne"
Google Scholar,sikkim climate change,[PDF]An analysis of past three decade weather phenomenon in the mid-hills ofSikkimand strategies for mitigating possible impact ofclimate changeon agriculture,http://sikkimforest.gov.in/climate-change-in-sikkim/2-chapter-An%20analysis%20of%20past%20three%20decade%20weather.pdf,"… Considering the fragile location ofSikkimin the Eastern … ofSikkim, so as to prepare anactionplanat local level for mitigating any adverse effects arising out ofchangesin theclimate. …",2026-05-19T12:59:54.761777,"H Rahman,R Karuppaiyan, PC Senapati… -Climate changein …, 2012 - sikkimforest.gov.in"
Google Scholar,sikkim climate change,"Climate-induced glacier retreats and associated hazards: need for robust glaciers and glacial lake managementpolicyinSikkimHimalaya, India",https://link.springer.com/chapter/10.1007/978-3-030-92782-0_8,"… of glaciers and glacial lakes inSikkimHimalaya. Further, the scientific …climatechangepolicyrequired for investigation, adaptation, and mitigations against adverseclimatechange…",2026-05-19T12:59:54.761950,"RK Sharma,R Kumar, P Pradhan,A Sharma-Climate change: Impacts …, 2022 - Springer"
Google Scholar,sikkim biodiversity,"Biological Diversity Act 2002, an implementation challenges in India: an experience sharing fromSikkim",https://link.springer.com/chapter/10.1007/978-981-19-4286-0_4,… benefit sharing from the commercialisation ofbiodiversityand the associated TK. … ofSikkim.The paper also articulates on how the certain state-specificbiodiversityconservationpolicies…,2026-05-19T13:00:14.313178,"BK Pradhan - Ethnomedicine and Tribal Healing Practices in India …, 2023 - Springer"
Google Scholar,sikkim biodiversity,Urgent conservation needs in theSikkimHimalayabiodiversityhotspot,https://www.tandfonline.com/doi/abs/10.1080/14888386.2019.1656547,"…Sikkimhas …biodiversitysurveys in areas around the capital ofSikkim. Today, due tohuman-induced threats and stresses on its uniquebiodiversity,Sikkimhas become a ‘Biodiversity…",2026-05-19T13:00:14.313399,"A Banerjee, P Chakraborty,R Bandopadhyay-Biodiversity, 2019 - Taylor & Francis"
Google Scholar,sikkim biodiversity,"People'sbiodiversityregister: documentation, protection, and conservation of genetic resources and associated traditional knowledge inSikkimhimalaya, India",https://link.springer.com/chapter/10.1007/978-981-97-4206-6_7,… Their experience has even helped the policymakers in framingbiodiversityconservationpoliciesinSikkim. Their TEK is so extensive that they can even identify the wildlife from their …,2026-05-19T13:00:14.313582,"BK Pradhan, G Sharma - … , Indigenous Knowledge, and Ethno-culture in …, 2024 - Springer"
Google Scholar,sikkim biodiversity,[PDF]Climate change inSikkim: A synthesis,http://www.sikkimforest.gov.in/climate-change-in-sikkim/23-Chapter-CLIMATE%20CHANGE%20IN%20SIKKIM%20A%20SYNTHESIS.pdf,… for the forest sector ofSikkimshow that thebiodiversityrich districts ofSikkimare not likely to… to significant changes already underway inbiodiversity-rich areas ofSikkim. It seems most …,2026-05-19T13:00:14.313778,"KS Bawa,T Ingty- Climate Change inSikkim, Patterns, Impacts …, 2012 - sikkimforest.gov.in"
Google Scholar,sikkim biodiversity,Bioresources and Conservation Strategies in theSikkimHimalaya: Past and Present,https://link.springer.com/chapter/10.1007/978-3-031-91945-9_5,"… Allpoliciesin theSikkimHimalaya might not be relevant, but their roles in …biodiversitymanagement. For instance, the present-daypolicieswould definitely design the futurebiodiversity…",2026-05-19T13:00:14.313969,"DK Pradhan, KK Thapa - Ethnobiology and Development in Asia: The Belt …, 2026 - Springer"
Google Scholar,sikkim biodiversity,"Identifying conservation priorities for plant species in the Himalaya in current and future climates: A case study fromSikkimHimalaya, India",https://www.sciencedirect.com/science/article/pii/S0006320718313338,"… (2050s, 2070s) climate conditions inSikkimHimalaya. Data on endemic plant speciesoccurrence … software to identify priority conservation areas inSikkimHimalaya. We found that the …",2026-05-19T13:00:14.314184,"K Manish,MK Pandit- Biological Conservation, 2019 - Elsevier"
Google Scholar,sikkim biodiversity,[PDF]Designing a participatorypolicyframework for the conservation of lakes in theSikkimHimalaya,https://www.researchgate.net/profile/Dipankar-Ghose/publication/268419891_Designing_a_Participatory_Policy_Framework_for_the_Conservation_of_Lakes_in_the_Sikkim_Himalaya/links/5513eee60cf2eda0df303424/Designing-a-Participatory-Policy-Framework-for-the-Conservation-of-Lakes-in-the-Sikkim-Himalaya.pdf,…Sikkimis a small mountain state located in the Eastern Himalaya and is home …policyforlake conservation inSikkimwas framed through a consultative process during 2006. Thispolicy…,2026-05-19T13:00:14.314444,"S Tambe, D Ghose, ML Arrawatia - Proceedings of Taal, 2007 - researchgate.net"
Google Scholar,sikkim biodiversity,[PDF]Knowledge attitudes and perceptions of students towardbiodiversityconservation within an ecotourism context inSikkimIndia,https://link.springer.com/content/pdf/10.1007/s44217-026-01436-7_reference.pdf,… collectively underscore the critical role of education in shaping both cognitive (knowledge)and affective (attitude/perception) components of public engagement withbiodiversitypolicy. …,2026-05-19T13:00:14.314676,"S Gurung, L Sharma, S Gurung, M Chettri… - Discover …, 2026 - Springer"
Google Scholar,sikkim biodiversity,"Flora and fauna of Yumthang Valley,Sikkim–a Himalayan treasure trove: a review ofbiodiversityand traditional utility",https://www.tandfonline.com/doi/abs/10.1080/14888386.2025.2611331,"… A globally recognizedbiodiversityhotspot, the Yumthang Valley in NorthSikkim, India, is arich ecological area within the Eastern Himalayas. Often referred to as the ‘Valley of Flowers’, …",2026-05-19T13:00:14.314873,"B Banik -Biodiversity, 2026 - Taylor & Francis"
Google Scholar,sikkim biodiversity,Himalayas: A Study ofSikkimin India,https://books.google.com/books?hl=en&lr=&id=LxAdEQAAQBAJ&oi=fnd&pg=PA373&dq=sikkim+sikkim+biodiversity+policy&ots=dKkAo6M2gN&sig=7Zcin1l4pi_KSY_S2YP38b1O5hM,"… TheSikkimstate waterpolicyaims to maximize the sustainable use of available waterresources, ensuring its availability across all areas. It places emphasis on planning for the reuse …",2026-05-19T13:00:14.315034,"N Chandel, K Dutta, PR Bhujel - Climate Change and Regional …, 2024 - books.google.com"
Google Scholar,sikkim green mission,[PDF]Climate Change initiatives insikkim,http://sikkimforest.gov.in/climate-change-in-sikkim/22-Chapter_Climate%20Change%20Initiatives%20in%20Sikkim.pdf,"…Sikkiminto a model “GREEN” State, the StateGreenMissionis now an annual ritual observedon the 15th day of June every year. ThisMissionhas …policiesof the Government ofSikkim…",2026-05-19T13:00:35.217358,"S Tambe, ML Arrawatia - Climate Change inSikkimPatterns …, 2012 - sikkimforest.gov.in"
Google Scholar,sikkim green mission,[PDF]Comparative Analysis of ClimatePoliciesin Kerala andSikkim: Alignment with the IPCC Reports,https://www.ilee.org.in/ArchivePdf/Chapter10_9.pdf,"… To protect forest ecosystems,Sikkimaligns with theGreenIndiaMission, focusing onenhancing forest health, carbon sequestration, and biodiversity conservation. Measures include …",2026-05-19T13:00:35.217980,"P Gupta - Ind. J. of Landscape Systems and Ecological Studies, 2025 - ilee.org.in"
Google Scholar,sikkim green mission,[PDF]Corporate Social Responsibility and Sustainable Development inSikkim: A Critical Analysis,http://www.dspace.cus.ac.in/jspui/bitstream/1/5510/1/Rita%20Devi%20Niroula-Law.pdf,… This paper analyzes the how CSRpoliciesof different companies in India vary with theirturnover and profits. Every company defines CSR in their own ways as per their needs and …,2026-05-19T13:00:35.218125,RD Niroula - 2017 - dspace.cus.ac.in
Google Scholar,sikkim green mission,"Organic agro tourism ofSikkim: An initiative for sustainable rural development, women empowerment andgreenenvironmental practices",https://indianjournals.com/api/article-view/khoj-7-1-007,…policyfor Agriculture. The age-old traditional system of farming practised by farmers ofSikkimis … from a project named “OrganicMissioninSikkim” initiated by the Government ofSikkim. …,2026-05-19T13:00:35.218281,"A Chhetri - Khoj: An International Peer Reviewed Journal of …, 2020 - indianjournals.com"
Google Scholar,sikkim green mission,"Lesson learned of organic agriculturalpolicyofsikkimstate, India to Thailand",https://so04.tci-thaijo.org/index.php/NCRJ/article/view/263600,"… the organic agriculturalpolicyofSikkimState and the Republic of India. The researchutilizes government reports, documents and thepoliciesofSikkimand India.Sikkimofficially …",2026-05-19T13:00:35.218424,"B Paunglad - NIDA Case Research Journal, 2022 - so04.tci-thaijo.org"
Google Scholar,sikkim green mission,Sustainable organic farming inSikkim: An inclusive perspective,https://link.springer.com/chapter/10.1007/978-981-10-4286-7_36,"… mulching, cover cropping,greenleaf manuring and residue …Sikkimand examined itscascading impact on other non-farm activities development with reference to governmentalpolicies…",2026-05-19T13:00:35.218564,"J Kumar, M Pradhan, N Singh - Advances in Smart Grid and Renewable …, 2017 - Springer"
Google Scholar,sikkim green mission,[C]Stategreen mission: A unique and innovative environmental programme,,,2026-05-19T13:00:35.218711,"G Gautam - Journal of Environmental Research …, 2013 - G. SEED (Global earth Society for …"
Google Scholar,sikkim sdg,[PDF]A Review of Education inSikkimwith Northeast India: A journey towardsSDG-4,https://kronika.ac/wp-content/uploads/7-KKJ3384.pdf,"… These indicators collectively underscoreSikkim'scommitment to quality education andholistic student development, reflecting a proactive integration of governmentpoliciesand …",2026-05-19T13:00:54.577820,"RP Nepal,PK Das, RP Nepal - kronika.ac"
Google Scholar,sikkim sdg,"Indigenous governance and climate resilience in NorthSikkim: A systematic review of the Dzumsa system, gender and biodiversity aligned withSDG13 and 15",https://link.springer.com/article/10.1007/s10708-026-11575-x,"… before top-downpolicyframeworks like theSustainableDevelopmentGoalsexisted. Although…mentionSDG, the findings still show the spirit of goals likeSDG13 climate action andSDG…",2026-05-19T13:00:54.578006,"B Giri, A Kannaujia, A Bora - GeoJournal, 2026 - Springer"
Google Scholar,sikkim sdg,[PDF]Outcome Evaluation ofSikkimState Finances,https://fincomindia.nic.in/asset/doc/commission-reports/16th-FC/studies/evaluation/Sikkim.pdf,"… sex ratio,Sikkimhas superiority over health that reflect its effective healthcarepolicies,enhanced access to maternal and childcare and better nutrition.Sikkimdemonstrates a greater …",2026-05-19T13:00:54.578308,"M Choubey, R Mohapatra - fincomindia.nic.in"
Google Scholar,sikkim sdg,Sustainable Development Goalsand the Indian Himalayan Region,https://link.springer.com/chapter/10.1007/978-981-97-1685-2_10,"… Proper planning and execution of developmentpolicies, and … However, onlySikkimwasable to maintain its category for … It is disappointing to notice that onlySikkimcould retain its …",2026-05-19T13:00:54.578455,"D Rana, S Rana,S Choudhary- … : ForSustainable Development Goals, 2024 - Springer"
Google Scholar,sikkim sdg,"[HTML]Sustainable solid waste management challenges in hill cities of developing Countries: Insights from eastern Himalayan smart cities ofSikkim, India",https://www.sciencedirect.com/science/article/pii/S2949750724000208,… The study also highlights the importance of comprehensivepoliciesfor informal sectorwell-being. The lifecycle assessment of Namchi and Gangtok reveals significant methane …,2026-05-19T13:00:54.578614,"S Rai, A Gurung,HB Sharma,VP Ranjan… - Waste Management …, 2024 - Elsevier"
Google Scholar,sikkim sdg,[PDF]Responsible Tourism initiatives towards sustainable tourism development: A case study ofSikkim,https://dspace.cus.ac.in/jspui/bitstream/1/8239/1/Sonam%20Gyamtso%20Bhutia%20PhD%20Thesis%202025.pdf,"… The study carries significant practical implications for tourism planning,policyformulation,and destination management inSikkimand other fragile ecological Himalayan regions. …",2026-05-19T13:00:54.578759,SG Bhutia - 2025 - dspace.cus.ac.in
Google Scholar,sikkim sdg,Eco-Tourism as a driver for sustainable regional development amidst climate change realities in the Eastern himalayas: A study ofSikkimin India,https://link.springer.com/chapter/10.1007/978-981-97-3870-0_18,"… TheSikkimstate waterpolicyaims to maximize the sustainable use of available waterresources, ensuring its availability across all areas. It places emphasis on planning for the reuse …",2026-05-19T13:00:54.579243,"N Chandel, K Dutta, PR Bhujel - … and Regional Socio-Economic Systems in …, 2024 - Springer"
Google Scholar,sikkim sustainable development,"Towards thedevelopmentofsustainabletourism inSikkim, India: Issues and challenges",https://indianjournals.com/api/article-view/ijrss-9-2-046,… the commitment to conservation andsustainabledevelopment. The requirement of nature…This was further supported throughpolicyinitiatives of the government ofSikkimincluding …,2026-05-19T13:01:11.840136,"S Das - International Journal of Research in Social Sciences, 2019 - indianjournals.com"
Google Scholar,sikkim sustainable development,[PDF]SustainableTourism Planning andDevelopment: A Study of Selected tourist destinations ofSikkim,https://dspace.cus.ac.in/jspui/bitstream/1/8142/1/JECKME%20NAMGYAL%20BHUTIA-1.pdf,…Sikkim‘s tourismrulesand regulations promotesustainabletourism and …sustainabledevelopmentof tourism inSikkim‘s chosen locations by providingsustainabletourismdevelopment…,2026-05-19T13:01:11.840386,JN Bhutia - 2024 - dspace.cus.ac.in
Google Scholar,sikkim sustainable development,"[PDF]… andsustainable developmentand conflict between formal institution and communal governance: An evaluative note on East Himalayan state ofSikkim, India",https://www.academia.edu/download/85771589/1-H00004.pdf,"… in thedevelopedworld, but also in lessdevelopedworld, including countries like India,policy… As a result the term ‘sustainabledevelopment’has become a misnomer, at least for those …",2026-05-19T13:01:11.840558,"A Chakrabarti - International Conference on Social Science and …, 2011 - academia.edu"
Google Scholar,sikkim sustainable development,Greengovernance inSikkim: Integratingsustainabilityinto publicpolicy,https://indianjournals.com/api/article-view/jpg-6-3-004,…Greengovernance is “a concept in political ecology and environmentalpolicythat advocatessustainability(sustainabledevelopment) as the supreme consideration for managing all …,2026-05-19T13:01:11.841005,"D Chhetri- J Polit Govern, 2017 - indianjournals.com"
Google Scholar,sikkim sustainable development,[PDF]Communitydevelopmentand tourism: TheSikkimexperience in the Eastern Himalayas,http://dspace.cus.ac.in/jspui/bitstream/1/7487/1/925.pdf,"… Earlier,Sikkim’s status as a protectorate of India compelled the state to go by certainrulesimposed first by the British and later by the Government of India. For quite some time,Sikkim…",2026-05-19T13:01:11.841199,M Choudhury - 2001 - dspace.cus.ac.in
Google Scholar,sikkim sustainable development,Regional Disparity andSustainable Developmentin North-Eastern States of India: APolicyPerspective,https://essuir.sumdu.edu.ua/items/050e479b-5aee-4e6d-a98f-29be36a0642b,"… North Eastern Region includingSikkimin the economicdevelopment including removal of… and security in the North Eastern Region including,Sikkim. The Main activ-ities/functions of …",2026-05-19T13:01:11.841412,SN Singh- 2018 - essuir.sumdu.edu.ua
Google Scholar,sikkim sustainable development,Ecotourism andSustainable Developmentin the Indian Himalayan Region: A Case Study ofSikkimand Darjeeling Hills,https://api.taylorfrancis.com/content/chapters/edit/download?identifierName=doi&identifierValue=10.1201/9781998511198-5&type=chapterpdf,"… astrategyforsustainabledevelopment, ecotourism inSikkim…Policyfailures occur due tothe greenwashing of ecotourism … are excluded from the overalldevelopmentprocess and costs …",2026-05-19T13:01:11.841866,"JW Bhutia, SG Bhutia - Himalayan Mountain Tourism, 2026 - api.taylorfrancis.com"
Google Scholar,sikkim sustainable development,[PDF]Responsible Tourism initiatives towardssustainabletourismdevelopment: A case study ofSikkim,https://dspace.cus.ac.in/jspui/bitstream/1/8239/1/Sonam%20Gyamtso%20Bhutia%20PhD%20Thesis%202025.pdf,"… practices and their impact onsustainabledevelopmentoutcomes in the context ofSikkim. …significant potential forsustainabledevelopment, contingent on effectivepolicyframeworks, …",2026-05-19T13:01:11.842909,SG Bhutia - 2025 - dspace.cus.ac.in
Google Scholar,sikkim plastic ban,Sustainable Tourism and Waste Management Challenges of Gangtok City inSikkim,https://link.springer.com/chapter/10.1007/978-3-032-11300-9_22,"…Plastic-Free Tourism Zones:Banonplasticshould be strictly applied especially in the majortourist circuits.Policiesmay include mandatory clothbags, … to seizebannedplasticproducts. …",2026-05-19T13:01:29.914903,"S Das, KK Roy, S Bose - … and Sustainability: Exploring Emerging Tools and …, 2026 - Springer"
Google Scholar,sikkim plastic ban,"[PDF]Solid Waste Management Practices and Raising Environmental Concerns: A Case Study of Gangtok Municipal Corporation Areas,Sikkim",https://www.researchgate.net/profile/Khangembam-Indira/publication/351431963_Solid_Waste_Management_Practices_and_Raising_Environmental_Concerns_A_Case_Study_of_Gangtok_Municipal_Corporation_Areas_Sikkim/links/6125d3580c2bfa282a6b5af1/Solid-Waste-Management-Practices-and-Raising-Environmental-Concerns-A-Case-Study-of-Gangtok-Municipal-Corporation-Areas-Sikkim.pdf,"… restaurants inSikkimrequesting not to useplasticmaterials … , it was found thatSikkimlacksclearly spelled outrulesand … ,banningStyrofoam and minimising the usages ofplasticwater …",2026-05-19T13:01:29.915105,"K Indira - J Hum Ecol, 2021 - researchgate.net"
Google Scholar,sikkim plastic ban,[PDF]Sikkim; A Role Model of Ecotourism in India: A Critical Analysis,https://www.researchgate.net/profile/Amit-Kumar-252/publication/353192864_SIKKIM_A_ROLE_MODEL_OF_ECOTOURISM_IN_INDIA_A_CRITICAL_ANALYSIS/links/60ec556b16f9f3130079682d/SIKKIM-A-ROLE-MODEL-OF-ECOTOURISM-IN-INDIA-A-CRITICAL-ANALYSIS.pdf,"… describesSikkimas “It's clean (plasticbagsarebanned) and … analyze the eco-tourismpolicyofSikkim, which endeavors to …policyon biodiversity and well being of local population. …",2026-05-19T13:01:29.915294,"A Kumar- Indian Streams Research Journal, 2014 - researchgate.net"
Google Scholar,sikkim plastic ban,"Comparative Study of Solid Waste Management in Rural Homestays and Urban Hotels inSikkim, India",https://onlinelibrary.wiley.com/doi/abs/10.1002/9781394272549.ch16,"…Sikkim, despite its small size and remoteness, has taken significant steps … thebanonsingle-useplasticbagsand bottles. The state has implemented variouspoliciesto tackleplastic…",2026-05-19T13:01:29.915605,"R Chhetri- Resilient Community Microgrids, 2025 - Wiley Online Library"
Google Scholar,sikkim plastic ban,[PDF]SUSTAINABLE TREKKING PRACTICES FOR REDUCINGPLASTICWASTE IN FRAGILE HIMALAYAN ECOSYSTEMS,https://www.gbpihed.gov.in/PDF/Publication/Bulletin_Vol33_2025.pdf#page=32,"… Strongpolicyactions such asplasticbans, eco-certification, … need for integratedsolutionscombiningpolicy, innovation in … Among its many regions, theSikkimHimalaya stands out …",2026-05-19T13:01:29.915977,"D Chand,R Lata, RK Singh,K Kumar… - EIACP BULLETIN …, 2025 - gbpihed.gov.in"
Google Scholar,sikkim plastic ban,[PDF]From life cycles to path dependence: Ecotourism path formation inSikkim(India),https://www.researchgate.net/profile/Prabuddh-Mishra/publication/401718580_FROM_LIFE_CYCLES_TO_PATH_DEPENDENCE_ECOTOURISM_PATH_FORMATION_IN_SIKKIM_INDIA/links/69af85bf4c39af26801e0766/FROM-LIFE-CYCLES-TO-PATH-DEPENDENCE-ECOTOURISM-PATH-FORMATION-IN-SIKKIM-INDIA.pdf,"… organic farming, the 2011 EcotourismPolicy, and the declaration ofSikkimas India’s first fully… by the Government ofSikkimis thebanon the use of single-useplasticwater bottles with a …",2026-05-19T13:01:29.916153,"K Matlovičová,S Sharma,Y Sharma… - … of Tourism and …, 2026 - researchgate.net"
Google Scholar,sikkim hydropower,"Hydropowerdevelopment and the meaning of place. Multi-ethnichydropowerstruggles inSikkim, India",https://www.sciencedirect.com/science/article/pii/S001671851830006X,"Academic research and media tend to emphasize the strong opposition tohydropowerdevelopment inSikkim, India, and position this as resistance to an environmentally-destructive, …",2026-05-19T13:01:49.913196,"RD Dukpa,D Joshi,R Boelens- Geoforum, 2018 - Elsevier"
Google Scholar,sikkim hydropower,"[HTML]HydropowerPolitics in Northeast India: Dam Development Contestations, Electoral Politics and Power Reconfigurations inSikkim",https://www.mdpi.com/2073-4441/16/7/1061?utm_campaign=releaseissue_waterutm_medium=emailutm_source=releaseissueutm_term=doilink156,"… arena by enacting (and amending) numerous pro-hydropowerActs,policiesand schemesthroughout the late 1900s and 2000s, aimed to provide the States and the Independent Power …",2026-05-19T13:01:49.913696,"RD Dukpa,J Hoogesteger,GJ Veldwisch,R Boelens- Water, 2024 - mdpi.com"
Google Scholar,sikkim hydropower,"[PDF]Voices in the Void; The Politics of Knowledge aroundHydropowerDevelopment inSikkim, India",https://scholar.archive.org/work/wpuqzzew2vcbpjr4pzu347dufu/access/wayback/https://www.researchgate.net/profile/Saskia_De_Wildt2/publication/339747294_Voices_in_the_Void_The_Politics_of_Knowledge_around_Hydropower_Development_in_Sikkim_India/links/5e626d6592851c7ce049c54d/Voices-in-the-Void-The-Politics-of-Knowledge-around-Hydropower-Development-in-Sikkim-India.pdf,… There are some implications in the literature that community voices are often ignored inhydropowerpolicies. But is local knowledge indeed marginalized? This research asks the …,2026-05-19T13:01:49.913925,S de Wildt- scholar.archive.org
Google Scholar,sikkim hydropower,"[HTML]Contestinghydropowerdams in the Eastern Himalaya: The cultural politics of identity, territory and self-governance institutions inSikkim, India",https://www.mdpi.com/2073-4441/11/3/412,"… We discussed in detail the pros and cons ofhydropowerdevelopment and concluded thatif such companies entered, we would be left with just theSikkim-Subject land documents but …",2026-05-19T13:01:49.914108,"RD Dukpa,D Joshi,R Boelens- Water, 2019 - mdpi.com"
Google Scholar,sikkim hydropower,[PDF]Benefit Sharing Among Local Communities ofHydropowerProjects inSikkim,http://www.dspace.cus.ac.in/jspui/bitstream/1/6065/1/Bibeshna%20Pradhan.pdf,"… In 2008, a major initiative was made by formulating theHydropowerpolicywhichrecognised Rehabilitation and Resettlement to go beyond mere compensation for lost assets & …",2026-05-19T13:01:49.914275,B Pradhan - 2018 - dspace.cus.ac.in
Google Scholar,sikkim hydropower,Harnessing energy potential in fragile landscapes: Exploration of conflicts and emerging issues aroundhydropowerdevelopments inSikkim,https://www.taylorfrancis.com/chapters/edit/10.4324/9781315168432-4/harnessing-energy-potential-fragile-landscapes-ghanashyam-sharma-trilochan-pandey,… to be developed under theSikkimPower Development Corporation (… ofSikkim2015)indicates that thehydropowerprojects at … The State PowerPolicylays down that the independent …,2026-05-19T13:01:49.914424,"G Sharma, T Pandey - Water Conflicts in Northeast India, 2017 - taylorfrancis.com"
Google Scholar,sikkim hydropower,"Hydropower, anti-politics, and the opening of new political spaces in the Eastern Himalayas",https://www.sciencedirect.com/science/article/pii/S0305750X15001485,"… has lately been advocated by a multi-scalar public–privatepolicy… inSikkim, NortheastIndia, we illustrate how attempts by state and private actors to restrict contestation ofhydropower…",2026-05-19T13:01:49.914568,"A Huber, D Joshi - World Development, 2015 - Elsevier"
Google Scholar,sikkim hydropower,[PDF]The TeestaHydro PowerProjects: A Historical Analysis of the Protest Movement in NorthSikkim(1964-2011),http://www.dspace.cus.ac.in/jspui/bitstream/1/6963/1/Kachyo%20Lepcha%20PhD-History.pdf,… well as the legal system regarding preferentialpoliciesinSikkimso as to place the presentin … as they unfolded both in the realm ofpolicyformulation/implementation and in the realm of …,2026-05-19T13:01:49.914735,K Lepcha - 2020 - dspace.cus.ac.in
Google Scholar,sikkim hydropower,"Impacts ofhydropowerdevelopment on rural livelihood sustainability inSikkim, India: community perceptions",https://bioone.org/journals/mountain-research-and-development/volume-32/issue-2/MRD-JOURNAL-D-11-00103.1/Impacts-of-Hydropower-Development-on-Rural-Livelihood-Sustainability-in-Sikkim/10.1659/MRD-JOURNAL-D-11-00103.1.short,"… Agriculture has provided livelihoods to villagers inSikkimfor … There is a need forpolicyandinvestment mechanisms that …hydropowerconstruction at the three research sites inSikkim, …",2026-05-19T13:01:49.914890,"T Chandy,RJ Keenan, RJ Petheram… - Mountain Research and …, 2012 - BioOne"
Google Scholar,sikkim hydropower,"The politics of place and the place of politics: Largehydropowerdam contestations inSikkim, India",https://search.proquest.com/openview/ed81a7101934188a4b2ffb1466c82b6b/1?pq-origsite=gscholar&cbl=2026366&diss=y,"…hydropowerdevelopment invokes(ed) inSikkim. Not all the names can be mentioned here,but some names cannot be left unmentioned too – taking the liberty of my friendship with a …",2026-05-19T13:01:49.915028,RD Dukpa - 2024 - search.proquest.com
Google Scholar,sikkim forest policy,Green governance inSikkim: Integrating sustainability into publicpolicy,https://indianjournals.com/api/article-view/jpg-6-3-004,… environmental conservation throughpolicylevel initiatives. Theforestcover ofSikkimconstitutes around 47.31 percent of the state’s geographical area. In terms offorestcanopy density …,2026-05-19T13:02:08.989150,"D Chhetri- J Polit Govern, 2017 - indianjournals.com"
Google Scholar,sikkim forest policy,"Assessing the priorities for sustainableforestmanagement in theSikkimHimalaya, India: a remote sensing based approach",https://link.springer.com/article/10.1007/s12524-011-0110-6,"… To conclude, we propose the following priorities forforestmanagement in theSikkimHimalaya. Firstly initiate a long term restoration program for the degraded oak and coniferforests. …",2026-05-19T13:02:08.989435,"S Tambe, ML Arrawatia,N Sharma- Journal of the Indian Society of …, 2011 - Springer"
Google Scholar,sikkim forest policy,Communityforestmanagement inSikkimHimalaya towards sustainable development,https://www.inderscienceonline.com/doi/abs/10.1504/IJESD.2015.066900,… For the pre-merger period ofSikkimwith India in 1975 and as per the firstforestworking planofSikkim… NationalForestPolicyResolution of 1988 envisaged people’s involvement in the …,2026-05-19T13:02:08.989707,"S Chettri,AP Krishna,KK Singh- International Journal of …, 2015 - inderscienceonline.com"
Google Scholar,sikkim forest policy,Ethnicity and protectivepoliciesinSikkim: Consolidation and reconfiguration,https://journals.sagepub.com/doi/abs/10.1177/00699667221091380,"… The multi-cultural fabric ofSikkimesesociety is reflected in the political … topoliciesthatprotect such multi-culturalism inSikkim. Based on a retrospective analysis of protectivepolicies, …",2026-05-19T13:02:08.990230,"S Thapa- Contributions to Indian Sociology, 2022 - journals.sagepub.com"
Google Scholar,sikkim forest policy,"Managing rural development in the mountain state ofSikkim, India",https://bioone.org/journals/mountain-research-and-development/volume-32/issue-2/MRD-JOURNAL-D-12-00005.1/Managing-Rural-Development-in-the-Mountain-State-of-Sikkim-India/10.1659/MRD-JOURNAL-D-12-00005.1.short,"… rural development subsectors inSikkimover the past 5 years. This significant enhancementin financial investment, coupled with good governance and innovativepolicies, has ensured …",2026-05-19T13:02:08.990470,"S Tambe, ML Arrawatia, AK Ganeriwala - Mountain Research and …, 2012 - BioOne"
Google Scholar,sikkim forest policy,Green IP Regime and the Issues of Environment Protection in the State ofSikkim: A Legal Perspective,https://api.taylorfrancis.com/content/chapters/edit/download?identifierName=doi&identifierValue=10.4324/9781003795001-2&type=chapterpdf,"… This article examinesSikkim’s green IP regime and its implications for environmental …implemented inSikkim. These include setting up a green IP cell, formulating a green IPpolicy, and …",2026-05-19T13:02:08.991003,D Pandey - Greening Intellectual Property for the Protection of … - api.taylorfrancis.com
Google Scholar,sikkim forest policy,"Theforestof symbols embodied in the Tholung sacred landscape of NorthSikkim, India",https://journals.lww.com/coas/fulltext/2006/04010/The_Forest_of_Symbols_Embodied_in_the_Tholung.3.aspx,"… In this article, I explain theforestof symbols and the cultural politics embodied in theTholung sacred landscape of the Lepchas inSikkim. Scholars emphasize that ‘a natural space …",2026-05-19T13:02:08.991255,"V Arora- Conservation and Society, 2006 - journals.lww.com"
Google Scholar,sikkim agriculture policy,"Lesson learned of organicagricultural policyofsikkimstate, India to Thailand",https://so04.tci-thaijo.org/index.php/NCRJ/article/view/263600,"… the organicagriculturalpolicyofSikkimState and the Republic of India. The researchutilizes government reports, documents and thepoliciesofSikkimand India.Sikkimofficially …",2026-05-19T13:02:31.503819,"B Paunglad - NIDA Case Research Journal, 2022 - so04.tci-thaijo.org"
Google Scholar,sikkim agriculture policy,Including farmers' welfare in a government-led sector transition: the case ofSikkim'sshift to organicagriculture,https://www.sciencedirect.com/science/article/pii/S0959652623013653,"…Sikkim, a small Himalayan north-eastern state of India, declared itself fully organic in 2016.We assess thepoliciesimplemented to enable the transition of theagriculturalsector to …",2026-05-19T13:02:31.503981,"A Bhatt, J John - Journal of Cleaner Production, 2023 - Elsevier"
Google Scholar,sikkim agriculture policy,"Scale and the politics of the organic transition inSikkim, India",https://www.tandfonline.com/doi/abs/10.1080/21683565.2019.1701171,"… allagriculturalproduction as organic. In this article, we explore howSikkim’s organicpolicies… Drawing upon 47 interviews withSikkimesefarmers, consumers, and government officials, …",2026-05-19T13:02:31.504127,"D Meek,CR Anderson- Agroecology and Sustainable Food …, 2020 - Taylor & Francis"
Google Scholar,sikkim agriculture policy,"[PDF]Mountainagriculturaltransformation processes and sustainability in theSikkimHimalayas, India",https://lib.icimod.org/records/mm7pt-7dt84/files/Mountain%20Agricultural%20Transformation%20Processes.pdf,"… /2), This publication presents findings of the case study carried out in theSikkimHimalayas.… districts ofSikkim, India, in order to examine the effects of mountainagriculturaldevelopment …",2026-05-19T13:02:31.504436,"HR Sharma,E Sharma- 1997 - lib.icimod.org"
Google Scholar,sikkim agriculture policy,[PDF]Food Security and Management inSikkim: Role of Public Distribution System and Mahatma Gandhi National Rural Employment Guarantee Act,http://www.dspace.cus.ac.in/jspui/bitstream/1/4799/1/Bitu%20Subba%20PhD-PCS.pdf,… Over the yearsagricultureinSikkimhas remained stagnant or no growths especially whenit comes to major foodgrain like rice and wheat. It also shows the overdependence in PDS/…,2026-05-19T13:02:31.504736,B Subba - 2016 - dspace.cus.ac.in
Google Scholar,sikkim agriculture policy,[PDF]Sikkim: Development report,https://dspace.nehu.ac.in/bitstreams/8a5d0b03-a5f8-4d2b-a006-fb5c9f215fdd/download,"… Situated on the northeast border of the country,Sikkimis a … Indian union, thatSikkim'sdevelopmental agenda was placed … TheSikkimState Development Report attempts to assess the …",2026-05-19T13:02:31.504895,Planning Commission - 2012 - dspace.nehu.ac.in
Google Scholar,sikkim agriculture policy,[PDF]Opportunities and challenges of the globally important traditionalagricultureheritage systems of theSikkimHimalaya,http://www.sikkimforest.gov.in/Reports%20and%20Publications/Biodiveristy-of-Sikkim/21%20Agriculture_379-402%20web.pdf,… The multifunctionalSikkimHimalayan TFS are …SikkimHimalayanAgricultureSystemshas been considered as an associate site under FAOs Globally Important IngeniousAgriculture…,2026-05-19T13:02:31.505057,"G Sharma, T Dhakal - … . IPR Department, Government ofSikkim…, 2011 - sikkimforest.gov.in"
Google Scholar,sikkim agriculture policy,[HTML]An overview of exiting contours for promoting different strategies for livelihood security inSikkimHimalaya,https://www.sciencedirect.com/science/article/pii/S2666049021000104,…Agricultureis the mainstay of the majority of the rural population ofSikkim. Due to adverse… Only 11% of land is underagricultureon which more than 60% of the total population …,2026-05-19T13:02:31.505217,"P Kumar,SC Rai- Current Research in Environmental Sustainability, 2021 - Elsevier"
Google Scholar,sikkim disaster management,[PDF]Governance andDisaster Management: A Study ofSikkim,http://dspace.cus.ac.in/jspui/bitstream/1/5491/1/Nor%20Bahadur%20Limboo-PCS.pdf,… this study will focus are the Governmentpoliciesand plans ondisastermanagementandhow people have responded to thesepoliciesand programmes in wake ofdisasterinSikkim. …,2026-05-19T13:02:48.832005,NB Limboo - 2017 - dspace.cus.ac.in
Google Scholar,sikkim disaster management,"[PDF]Traditional knowledge ondisaster management: A preliminary study of the Lepcha community ofSikkim, India",http://prod-qt-images.s3.amazonaws.com/indiawaterportal/import/sites/default/files/iwp2/Traditional_knowledge_on_disaster_management_A_preliminary_study_on_the_Lepcha_community_of_Sikkim_Indian_Journal_of_Traditional_Knowledge_2011.pdf,"… is an important philosophical inquiry if an effectivemanagementplanis to be envisaged.The Lepcha people have no real concept of sin. When an individual does something terrible, …",2026-05-19T13:02:48.832199,"V Jha,A Jha- Indian Journal of Traditional …, 2011 - prod-qt-images.s3.amazonaws.com"
Google Scholar,sikkim disaster management,The Effectiveness ofDisaster ManagementPlans and Strategies at the Local Level: Evidence fromSikkim-Darjeeling Himalayan Region,https://link.springer.com/chapter/10.1007/978-981-95-2007-7_20,… forDisasterRiskReductionmention community involvement indisastermanagementplan… and the country has its ownDisasterManagementPlanand Act which focuses in prevention …,2026-05-19T13:02:48.832375,"S Subba,B Chhetri, K Lepcha, P Tikhile - … andDisasterRiskReduction, 2025 - Springer"
Google Scholar,sikkim disaster management,"[PDF]DisasterVulnerability Assessment ActionPlanto StrengthenDisasterResilience of Gangtok,Sikkim",https://www.researchgate.net/profile/Anitha-Karthik/publication/360450732_NIDMJOURNAL_JulDec2021/links/6276f4c5b1ad9f66c8ab42b2/NIDMJOURNAL-JulDec2021.pdf#page=11,… Early Warning Systems should be the functional component of the CityDisasterManagementPlan. • Installing instrumentation and slope monitoring for real-time early warning. For …,2026-05-19T13:02:48.832550,"R Magotra, M Shaw, A Tyagi -DisasterDevelopment - researchgate.net"
Google Scholar,sikkim disaster management,"andResponsein the State ofSikkim, India",https://books.google.com/books?hl=en&lr=&id=ZAVsEAAAQBAJ&oi=fnd&pg=PA271&dq=sikkim+sikkim+disaster+management+policy&ots=I2D6rxogAs&sig=WhhxTDFjzvzK2-GeQx0GCWD2IeM,"…policy, plans, and strategies for use of Science, Technology, and people’s participation inresilient reconstructiondisasterriskreduction… as necessary fordisastermanagement. Further …",2026-05-19T13:02:48.832722,"V Sharma -DisasterRiskReductionin Asia Pacific: Governance …, 2022 - books.google.com"
Google Scholar,sikkim disaster management,"Managingrural development in the mountain state ofSikkim, India",https://bioone.org/journals/mountain-research-and-development/volume-32/issue-2/MRD-JOURNAL-D-12-00005.1/Managing-Rural-Development-in-the-Mountain-State-of-Sikkim-India/10.1659/MRD-JOURNAL-D-12-00005.1.short,"… The present study was necessitated while preparing for the 12th five-yearplan, which requireda detailed assessment of performance during the 11thplanperiod. Rural development is …",2026-05-19T13:02:48.832862,"S Tambe, ML Arrawatia, AK Ganeriwala - Mountain Research and …, 2012 - BioOne"
Google Scholar,sikkim disaster management,[PDF]Challenges indisaster Managementin Hill areas A Case Study ofSikkim,https://centreforgovernance.com/files/journal/Volume%2022%20-%20January%202021%20-%20Special%20Issue%20on%20Disaster%20Management.pdf#page=256,"… due todisasters[Baraua et al , 2014]. The examples and understanding of cascadinghazards in HKH region (of whichSikkimis a part) clearly indicate that plans andpoliciesare …",2026-05-19T13:02:48.833019,"VK Sharma,S Singh- IC Centre for Governance, 2021 - centreforgovernance.com"
Google Scholar,sikkim disaster management,"Use of Scientific Knowledge and Public Participation inDisasterRiskReductionandResponsein the State ofSikkim, India",https://link.springer.com/chapter/10.1007/978-981-16-4811-3_14,"…policy, plans, and strategies for use of Science, Technology, and people’s participation inresilient reconstructiondisasterriskreduction… Chapter 6 of theDisasterManagementAct, 2005…",2026-05-19T13:02:48.833194,"V Sharma-DisasterRiskReductionin Asia Pacific: Governance …, 2022 - Springer"
Google Scholar,sikkim disaster management,"Climate-induced glacier retreats and associated hazards: need for robust glaciers and glacial lakemanagement policyinSikkimHimalaya, India",https://link.springer.com/chapter/10.1007/978-3-030-92782-0_8,"… However, thepolicyand plans related to glaciermanagement… Further, there are no systematicapproaches to themanagementof … facts andpolicygaps in theSikkimHimalayan region: …",2026-05-19T13:02:48.833519,"RK Sharma,R Kumar, P Pradhan,A Sharma- Climate change: Impacts …, 2022 - Springer"
Google Scholar,sikkim water resources,Water managementsystems of two towns in the Eastern Himalaya: case studies of Singtam inSikkimand Kalimpong in West Bengal states of India,https://iwaponline.com/wp/article-abstract/22/S1/107/67253,"… onwaterand livelihoods in two Himalayan towns, inSikkim… it was defined and mappedasSikkimand West Bengal. An … Basically, the challenges ofwatermanagementin Singtam …",2026-05-19T13:03:06.948711,"G Sharma, C Namchu, K Nyima, M Luitel, S Singh… -Water Policy, 2020 - iwaponline.com"
Google Scholar,sikkim water resources,Managementchallenges ofwater resourcesinSikkimmountain regions,https://onlinelibrary.wiley.com/doi/abs/10.1002/9781394249619.ch1,"… ,managementchallenges and mitigation measures related towaterresourcesofSikkimare… to ensure the sustainable and equitablemanagementofSikkim’s preciouswaterresources. …",2026-05-19T13:03:06.948924,"AK Misra,OP Kaptan,P Kumari, K Rai… -Water Resources…, 2025 - Wiley Online Library"
Google Scholar,sikkim water resources,"[PDF]Conceptualizing strategies to enhance ruralwatersecurity inSikkim, Eastern Himalaya, India",https://www.researchgate.net/profile/Indranil-Roy-9/publication/261322560_Proceedings_of_the_Workshop_on_Integrated_Water_Resource_Management_Eds_A_Roy_I_Roy_and_T_Talukder_Nov_2009/links/00463533da53f8fd26000000/Proceedings-of-the-Workshop-on-Integrated-Water-Resource-Management-Eds-A-Roy-I-Roy-and-T-Talukder-Nov-2009.pdf#page=11,"… Traditionally,watersupply or harnessing schemes have received higher priority, but with …ofwatersources, these schemes are faltering, and there is felt need to revive thewatersources…",2026-05-19T13:03:06.949137,"S Tambe, M Arrawatia,R Kumar, H Bharti… - …Water Resource…, 2009 - researchgate.net"
Google Scholar,sikkim water resources,"Developingwater resources managementstrategies for SouthSikkimDistrict, India",https://iwaponline.com/ws/article-abstract/18/2/648/38267,"… ofwaterresourcemanagementand for suggesting strategies to meet the perceptive demandof 410 L ofwaterper family during the winter period in SouthSikkimdistrict ofSikkimstate, …",2026-05-19T13:03:06.949314,"BC Kusre,PK Bora, D Rai,K Adhikari… -WaterScience and …, 2018 - iwaponline.com"
Google Scholar,sikkim water resources,[PDF]UrbanWater Policyin the Eastern Himalayan State ofSikkim: An Assessment,https://niua.in/sites/default/files/2025-07/2021_1_Urban%20Water%20Policy.pdf,"… , was gathered and descriptive statistics have been employed to analyse the statewaterpolicy. Themanagementof domesticwaterresourcesinSikkimis basically divided into two …",2026-05-19T13:03:06.949485,"LD Sherpa, K Singha - Urban India, 2021 - niua.in"
Google Scholar,sikkim water resources,[PDF]Water Resource Managementin SouthSikkim: Community Participation and Institutional Practices,http://dspace.cus.ac.in/jspui/bitstream/1/6200/1/Chunu%20Maya%20Giri-Geography.pdf,"… existingwatermanagementcommittee andwatermanagement…WaterresourceinSikkimis in the form of glaciers, lakes, … drought-prone areas ofSikkimwhich face acutewaterscarcity …",2026-05-19T13:03:06.949659,CM Giri - 2018 - dspace.cus.ac.in
Google Scholar,sikkim water resources,Growth of urbanisation andwatersupply problem inSikkim,https://books.google.com/books?hl=en&lr=&id=nMFkEQAAQBAJ&oi=fnd&pg=PA148&dq=sikkim+sikkim+water+resources+policy&ots=oFgYAyKjYi&sig=eBCJ0PU2g57D88gAqgZnzAPUixs,"… for economic optimization ofwateruse. Urbanwatermanagementpoliciesare importantsections which can be linked with laws, institutions andpoliciesmanagementby government or …",2026-05-19T13:03:06.949801,"LD Sherpa - Hill economies and sustainable development in …, 2019 - books.google.com"
Google Scholar,sikkim water resources,Analyzing social networks to examine the changing governance structure of Springsheds: a case study ofSikkimin the Indian Himalayas,https://link.springer.com/article/10.1007/s00267-018-1128-0,"… ) of springs (dhara) inSikkim, India, frompolicyplanning topolicyimplementation. Thestudy … and Advanced Center forWaterResourcesDevelopment andManagement(ACWADAM) …",2026-05-19T13:03:06.949956,"SM Sen, A Singh,N Varma,D Sharma… - …Management, 2019 - Springer"
Google Scholar,sikkim water resources,"[HTML]Analysing challenges and strategies in land productivity inSikkimHimalaya, India",https://www.mdpi.com/2071-1050/13/19/11112,"… local raw materials, conserves soil andwaterresources, enhances the overall productivityof the … We expect to see morepoliciesand programmes that aim to provide direct benefits to …",2026-05-19T13:03:06.950296,"PK Mishra,A Rai,K Abdelrahman,SC Rai,A Tiwari- Sustainability, 2021 - mdpi.com"
Google Scholar,sikkim renewable energy,[B]Ruralenergyplanning inSikkim,http://dspace.cus.ac.in/jspui/bitstream/1/4651/1/Rural%20energy%20planning%20in%20Sikkim.pdf,"… or expert in the field ofrenewableenergy. His other interests include computer programming,energymodelling and forecasting. He has a number of papers onrenewableenergy…",2026-05-19T13:03:24.320141,"K Sudhakar, PPS Gusain - 1991 - dspace.cus.ac.in"
Google Scholar,sikkim renewable energy,[HTML]Study on theAlternative EnergyTechnologies Implementation for Promoting the Sustainability of Technologies inSikkim,https://www.academia.edu/download/80088669/IJETAE_ICERTSD_0213_85.pdf,"… therenewableenergy…renewablesand examine their impact onenergyeconomy of India.At the end, this paper highlights the need forsustainablestrategies andpoliciesforrenewables…",2026-05-19T13:03:24.320717,V Jaswal - 2015 - academia.edu
Google Scholar,sikkim renewable energy,Sustainable EnergyDevelopment Strategies forSikkim,https://books.google.com/books?hl=en&lr=&id=LvuOKCIICMEC&oi=fnd&pg=PA195&dq=sikkim+sikkim+renewable+energy+policy&ots=lUZJ9ekxTy&sig=3Pek0nZuJYyRb7p7bekh1WZmKWg,"… majorenergysource is going to dominate the ruralSikkimfor …energysituation, to quantifyavailability ofenergyresources… ment agencies in several areas ofSikkim. It was observed that …",2026-05-19T13:03:24.321302,"K SUDHAKAR -Sikkim: Society, Polity, Economy, Environment, 1994 - books.google.com"
Google Scholar,sikkim renewable energy,Harnessingenergypotential in fragile landscapes: Exploration of conflicts and emerging issues around hydropower developments inSikkim,https://www.taylorfrancis.com/chapters/edit/10.4324/9781315168432-4/harnessing-energy-potential-fragile-landscapes-ghanashyam-sharma-trilochan-pandey,"… The Government ofSikkimaimed to develop its economic plans …renewableresources.Being a special category State with international border, the State effort to exploit waterresources…",2026-05-19T13:03:24.321737,"G Sharma, T Pandey - Water Conflicts in Northeast India, 2017 - taylorfrancis.com"
Google Scholar,sikkim renewable energy,Political stability and its effect on economy: some lessons fromSikkimHimalaya,https://link.springer.com/article/10.1007/s40847-022-00199-9,"… In this study, ‘Sikkimeseidentity’ is roughly defined as theSikkimese’s specificsocioeconomic and political protection guaranteed by Article 371 (F) of the Constitution of India. …",2026-05-19T13:03:24.322230,"K Singha,MA Singh- Journal of social and economic development, 2022 - Springer"
Google Scholar,sikkim renewable energy,"Wind farm site suitability assessment & validation using geospatially explicit multi-criteria approach: A case study of SouthSikkim, India",https://www.tandfonline.com/doi/abs/10.1080/15435075.2023.2195926,"… terrains of SouthSikkim, India, where hydroelectricpoweris already being …powergenerationin the entire hilly terrains. So, developingalternativeenergyresourceslikesolarenergyor …",2026-05-19T13:03:24.322488,"K Sapkota,Shabbiruddin,KS Sherpa- … Journal ofGreen Energy, 2024 - Taylor & Francis"
Google Scholar,sikkim renewable energy,Greengovernance inSikkim: Integrating sustainability into publicpolicy,https://indianjournals.com/api/article-view/jpg-6-3-004,"… For more than a decade, as part of itsenvironmentalprotection andpolicyreforms,Sikkim…In early 2000,Sikkim’s decentralisation initiatives were extended to theenvironmentalpolicy…",2026-05-19T13:03:24.322733,"D Chhetri- J Polit Govern, 2017 - indianjournals.com"
Google Scholar,sikkim renewable energy,"[PDF]AchievingEnergyEconomy andSustainableDevelopment by DecentralizedEnergyPlanning in Angkuchen Village,Sikkim: A Case Study",https://www.academia.edu/download/57519577/4407-12046-2-PB.pdf,… 30% of the totalenergyconsumption. Here we have a country that is rich with its share ofrenewableenergyresourceswhich still remain unharnessed. If theseresourcesare harnessed …,2026-05-19T13:03:24.323239,"AK Roy, V Jaswal, K Wadhwa… - … ofRenewable Energyand …, 2015 - academia.edu"
Google Scholar,sikkim,PublicPolicyMaking in India: A Study ofSikkim,https://www.jstor.org/stable/41855787,"… Study ofpolicyor publicpolicyis something very vast on which we cannot make limitations,… which are necessary forpolicymaking. Very simply we can say thatpoliciesare made for the …",2026-05-19T13:03:43.776137,"M Chakrabarty, M Chakraborty, V Agarwala - The Indian Journal of Political …, 2003 - JSTOR"
Google Scholar,sikkim,"[B]Sikkim: society, polity, economy, environment",https://books.google.com/books?hl=en&lr=&id=LvuOKCIICMEC&oi=fnd&pg=PA9&dq=sikkim+sikkim+policy&ots=lUZJ9ekxVy&sig=JxB1daj1zU3UPlgCCfs7I0MSFE0,"… , professionals andpolicy-makers most of whom have worked inSikkimin various capacities.Some of them were instrumental in introducingpolicychanges inSikkimbased on their re…",2026-05-19T13:03:43.776481,MP Lama - 1994 - books.google.com
Google Scholar,sikkim,[B]Sikkim,https://dspace.cus.ac.in/jspui/bitstream/1/15/1/sikkim%20sk%20Gurung.pdf,"… last Chogyal ofSikkim, PT. Namgyal. Then I hardly had any idea thatSikkimwas undergoing… involvement of the entire political process, including statepolicies, for such a perspective …",2026-05-19T13:03:43.776776,SK Gurung - 2011 - dspace.cus.ac.in
Google Scholar,sikkim,Sikkim: the merger with India,https://www.jstor.org/stable/2643174,…Sikkimoffered the only resistance to an otherwise successful frontierpolicy. It was alsothought in New Delhi that the Chogyal was becoming increasingly arrogant in his dealings with …,2026-05-19T13:03:43.776907,"R Gupta - Asian Survey, 1975 - JSTOR"
Google Scholar,ecotourism,TheSikkim Ecotourism Policy-A Review,https://ijassonline.in/AbstractView.aspx?PID=2014-2-4-2,… The concept ofecotourismhas been widely accepted by several countries andSikkimis no… While calling for involvement and benefiting the local communities in which theecotourism…,2026-05-19T13:04:01.272997,"S Shenga,A Jha- International Journal of Advances in Social …, 2014 - ijassonline.in"
Google Scholar,ecotourism,Promotion ofecotourismin the state with special reference to national park and wildlife sanctuaries ofsikkim,https://www.taylorfrancis.com/chapters/edit/10.1201/9781315365862-12/promotion-ecotourism-state-special-reference-national-park-wildlife-sanctuaries-sikkim-dillip-kumar-das-pinkila-bhuta,… the mountain and hill economy andSikkimis second to none in … development ofecotourismin the state ofSikkimwith special …ecotourismto the local communities in the state ofSikkim. …,2026-05-19T13:04:01.275443,"DK Das, P Bhuta - Tourism Marketing, 2017 - taylorfrancis.com"
Google Scholar,tourism,Tourismdevelopment in theSikkimhimalaya: balancing growth and sustainability,https://link.springer.com/article/10.1007/s43546-025-00933-5,"… This study, therefore, seeks to examine the development of sustainabletourisminSikkim, …The objective of this study is to assesstourismpractices inSikkimusing specific indicators, …",2026-05-19T13:04:18.679930,"S Dam - SN Business & Economics, 2025 - Springer"
Google Scholar,tourism,[PDF]SustainableTourismPlanning and Development: A Study of Selectedtouristdestinations ofSikkim,https://dspace.cus.ac.in/jspui/bitstream/1/8142/1/JECKME%20NAMGYAL%20BHUTIA-1.pdf,"… and community involvement intouristoperations, theSikkimTourismPolicyhas contributed…policyhas helped to contribute to the development of sustainabletourismpractises inSikkim…",2026-05-19T13:04:18.680138,JN Bhutia - 2024 - dspace.cus.ac.in
Google Scholar,tourism,"Towards the development of sustainabletourisminSikkim, India: Issues and challenges",https://indianjournals.com/api/article-view/ijrss-9-2-046,"… As with other greenpoliciesof the state, thistourismmission statement elucidated strongpolitical will to guideSikkimtourismtowards a sustainable future. TheSikkimecotourismpolicy, …",2026-05-19T13:04:18.680384,"S Das - International Journal of Research in Social Sciences, 2019 - indianjournals.com"
Google Scholar,tourism,[PDF]Community development andtourism: TheSikkimexperience in the Eastern Himalayas,http://dspace.cus.ac.in/jspui/bitstream/1/7487/1/925.pdf,"…touristfrom Darjeeling toSikkim. In a bid to attract more tourists from the upper segment, theSikkimtourism… the three lower districts ofSikkimencouraged grouptourism. Much in the line …",2026-05-19T13:04:18.680848,M Choudhury - 2001 - dspace.cus.ac.in
Google Scholar,tourism,[PDF]TourisminSikkim: quest for a self-reliant economy,https://dspace.nehu.ac.in/bitstreams/b35f8aea-888b-4ce8-a4db-d77b7bf27b2f/download,… atourismpolicyfor the country as a whole India took 35 years after independence and thefirst evertourismpolicy… The same organisation was also entrusted to prepareSikkimTourism…,2026-05-19T13:04:18.681141,A Chakrabarti - 2010 - dspace.nehu.ac.in
Google Scholar,tourism,[PDF]ResponsibleTourisminitiatives towards sustainabletourismdevelopment: A case study ofSikkim,https://dspace.cus.ac.in/jspui/bitstream/1/8239/1/Sonam%20Gyamtso%20Bhutia%20PhD%20Thesis%202025.pdf,"… ● The study was carried out during a period of continuing transitions inSikkim'stourismpolicyand institutional frameworks, which included changes in marketing strategies, …",2026-05-19T13:04:18.681414,SG Bhutia - 2025 - dspace.cus.ac.in
Google Scholar,tourism,MountainTourismDevelopment and Impact ofTourism: A case study of Himalayan StateSikkim: A case study of Himalayan StateSikkim,https://www.dbpia.co.kr/Journal/articleDetail?nodeId=NODE07103315,"… intouristarrival is a major influence ofSikkim'stourism…touristwho visit thetourismsites ofSikkimand to identify gaps, needs and options for sustainabletourismmanagement inSikkim. …",2026-05-19T13:04:18.681771,"R Newpaney, SK Lee - 호텔경영학연구, 2016 - dbpia.co.kr"
Google Scholar,tourism,Adequacy of GovernmentPolicyon Ecotourism: A Case Study ofSikkim,https://www.igi-global.com/chapter/adequacy-of-government-policy-on-ecotourism/176303,… Innovative features of the study are that eco-tourismpolicyofSikkimhas been exploredfor the first-time. Also no studies (exploratory or otherwise) measuring eco-tourismon its …,2026-05-19T13:04:18.682350,"A Jha, S Shenga, S Mishra, M Mishra -Tourismand Opportunities for …, 2017 - igi-global.com"
Google Scholar,fao,[PDF]Agro-Economic environment and food security inSikkim,https://ir.nbu.ac.in/bitstreams/49c48e2d-6800-4d0c-8e63-63d58f7451db/download,"… In recent years, most of the research initiatives for food security have focused on four keycomponents of theFAO‟… What type of land reformpolicieshas been implemented inSikkim? v) …",2026-05-19T13:04:36.130987,TP Dhungel - 2018 - ir.nbu.ac.in
Google Scholar,fao,[PDF]Economic Evaluation of Farmer Producer Organisations inSikkim,http://www.dspace.cus.ac.in/jspui/bitstream/1/7831/1/Rajiv_Gurung-Economics-PhD.pdf,"… fertilizers and pesticides (FAO, 2018). This study selectedSikkimas the area of study because:i. … It provides implications of this study and also makespolicysuggestions that need to be …",2026-05-19T13:04:36.131169,R Gurung- 2022 - dspace.cus.ac.in
Google Scholar,fao,[PDF]Opportunities and challenges of the globally important traditional agriculture heritage systems of theSikkimHimalaya,http://www.sikkimforest.gov.in/Reports%20and%20Publications/Biodiveristy-of-Sikkim/21%20Agriculture_379-402%20web.pdf,"… Himalaya traditional agriculture has been recognized byFAOas an associate system ofthe … world, globalpoliciesand prospects, the TFS in theSikkimHimalayas show successful …",2026-05-19T13:04:36.131330,"G Sharma, T Dhakal - … . IPR Department, Government ofSikkim…, 2011 - sikkimforest.gov.in"
Google Scholar,fao,[B]Understanding Food Security inSikkim: A Case Study of Tathanchen Shyari Ward,http://www.dspace.cus.ac.in/jspui/bitstream/1/4246/1/Understanding%20food%20security%20in%20Sikkim%200.pdf,"… These themes are human security, food security, a grarian reforms and governmentpolicyimplementation in India in general andSikkimin particular Although the literature engages …",2026-05-19T13:04:36.131650,B Subba - 2015 - dspace.cus.ac.in
Google Scholar,fao,"[B]History, culture and customs ofSikkim",https://books.google.com/books?hl=en&lr=&id=iY4bVR9--XAC&oi=fnd&pg=PR11&dq=sikkim+fao+policy&ots=Eo_J1zUeqP&sig=oterIUhSMsv3voysGLbSccKQ4bA,"… outlines of the history ofSikkim. Old annals of the land claimSikkimto be an extensive kingdom… Subba has given the name ""The GreaterSikkim"" to that kingdom of the pastSikkimwas …",2026-05-19T13:04:36.132092,JR Subba - 2008 - books.google.com
Google Scholar,fao,Including farmers' welfare in a government-led sector transition: the case ofSikkim'sshift to organic agriculture,https://www.sciencedirect.com/science/article/pii/S0959652623013653,"…Sikkim, a small Himalayan north-eastern state of India, declared itself fully organic in 2016.We assess thepolicies… Government ofSikkimthrough a thorough review ofpolicydocuments…",2026-05-19T13:04:36.132380,"A Bhatt, J John - Journal of Cleaner Production, 2023 - Elsevier"
Google Scholar,food,[B]UnderstandingFoodSecurity inSikkim: A Case Study of Tathanchen Shyari Ward,http://www.dspace.cus.ac.in/jspui/bitstream/1/4246/1/Understanding%20food%20security%20in%20Sikkim%200.pdf,… * Doeslack of effective PDSpolicyincreasefoodinsecurity inSikkim? * What are themajor outcomes of lack of access tofoodupon livelihood and well-being of people? …,2026-05-19T13:04:53.238933,B Subba - 2015 - dspace.cus.ac.in
Google Scholar,food,[PDF]FoodSecurity and Management inSikkim: Role of Public Distribution System and Mahatma Gandhi National Rural Employment Guarantee Act,http://www.dspace.cus.ac.in/jspui/bitstream/1/4799/1/Bitu%20Subba%20PhD-PCS.pdf,"… Security can also be defined as “A state of security from different sources, where there isadequate implementation of effectivefoodpoliciesensuring ground reality to overcome …",2026-05-19T13:04:53.239287,B Subba - 2016 - dspace.cus.ac.in
Google Scholar,food,[PDF]Agro-Economic environment andfoodsecurity inSikkim,https://ir.nbu.ac.in/bitstreams/49c48e2d-6800-4d0c-8e63-63d58f7451db/download,"… In place of an ad-hoc measures it will force the states to evolve a consistent and longpolicy,measures such as availability offoods, access tofoodat all times of the year and entitlement …",2026-05-19T13:04:53.239610,TP Dhungel - 2018 - ir.nbu.ac.in
Google Scholar,food,[PDF]A Critical Review ofFoodSecurity inSikkim,https://www.tufanganjmahavidyalaya.net/userfiles/file/archive/jrca-1(i).pdf#page=91,… ofSikkimreveals that it has gradually turned out to be afooddeficient state from afoodsurplus …Foodsecuritypoliciesaim specifically at ensuring that households have an adequate …,2026-05-19T13:04:53.239778,A Chakrabarti- Assistant Editor: Sidhartha Sankar Laha - tufanganjmahavidyalaya.net
Google Scholar,food,[PDF]Sikkim: making of the first 100% Organic state of the world,https://www.researchgate.net/profile/Alka-Parikh/publication/369753410_Sikkim_Making_of_the_first_100_organic_state_of_the_world_paper_presented_at_14th_International_Conference_on_Environmental_and_Rural_Development_Siem_Reap_Cambodia_3-5_March_2023/links/655c8b213fa26f66f41ab28d/Sikkim-Making-of-the-first-100-organic-state-of-the-world-paper-presented-at-14th-International-Conference-on-Environmental-and-Rural-Development-Siem-Reap-Cambodia-3-5-March-2023.pdf,"… due tofoodshortages. Compared to this, the experiment in … This paper shows the path takenbySikkimto become a fully organic … We conclude that it is not feasible to scale upSikkim’s …",2026-05-19T13:04:53.239936,"A Parikh- Indian Journal of Sustainable Development, 2023 - researchgate.net"
Google Scholar,rs,Sikkim,https://www.taylorfrancis.com/chapters/edit/10.4324/9781003476900-29/sikkim-meena-khan,"… toRs10m. It was also hoped that the official inclusion ofSikkimamong the grouping of north…seeks to execute governmentpolicy, but attempts to parallel thepolicyof other Indian states …",2026-05-19T13:05:09.733061,"M Khan - The Territories and States of India 2024, 2024 - taylorfrancis.com"
Google Scholar,rs,India andSikkim: Redefining the relationship,https://www.jstor.org/stable/2754861,"… But even in the case ofSikkim, New Delhi'spolicyafter i947 reflected its preference …Sikkimhas obtained approximatelyRs120 million in aid from India since I953 but has paid nearlyRs…",2026-05-19T13:05:09.733775,"LE Rose - Pacific Affairs, 1969 - JSTOR"
Google Scholar,rs,[PDF]Sikkim,https://informatics.nic.in/uploads/pdfs/0d45c41a_12_17_fts_sikkim.pdf,"… It was successfully implemented inSikkimand inaugurated by the Hon’ble Chief Minister,Shri … attended by Speaker ofSikkimState Legislative inventory, allocationpolicies, and online …",2026-05-19T13:05:09.734867,"S Choudhary, DK Basnet, LP Sharma - 2006 - informatics.nic.in"
Google Scholar,rs,[PDF]Tourism inSikkim: quest for a self-reliant economy,https://dspace.nehu.ac.in/bitstreams/b35f8aea-888b-4ce8-a4db-d77b7bf27b2f/download,… To formulate a tourismpolicyfor the country as a whole India took 35 …Sikkimis yet to createa brand of its own at national and international level. It is estimated that an investment ofRs. …,2026-05-19T13:05:09.735291,A Chakrabarti - 2010 - dspace.nehu.ac.in
Google Scholar,agriculture,"A systematic review ofagricultural policiesin terms of drivers, enablers, and bottlenecks: Comparison of three Indian states and a model bio-energy village located in …",https://www.sciencedirect.com/science/article/pii/S2352801X21001405,"… in terms of sustainableagriculturalpolicies, exploitation of … stateSikkimhas shown theworld how the bestpoliciescan … ofSikkimhas worked as an enabler for theagriculturesector. …",2026-05-19T13:05:27.863415,"S Tomar,N Sharma- Groundwater for Sustainable Development, 2021 - Elsevier"
Google Scholar,green,GreenIP Regime and the Issues of Environment Protection in the State ofSikkim: A Legal Perspective,https://api.taylorfrancis.com/content/chapters/edit/download?identifierName=doi&identifierValue=10.4324/9781003795001-2&type=chapterpdf,"… the realm ofgreenintellectual property (IP). This article examinesSikkim’sgreenIP regime… These include setting up agreenIP cell, formulating agreenIPpolicy, and offering financial …",2026-05-19T13:05:44.481840,D Pandey - Greening Intellectual Property for the Protection of … - api.taylorfrancis.com
Google Scholar,green,"[PDF]GreenInvestments as a Vital Tool to Maintain the Sustainability of Tourist Destination: Gangtok,Sikkim-A Case study",https://adtu.in/files/current_issue/vol3_issue2/vol3-issue2-article019.pdf,"… The current research focuses on examining the function ofgreenfiscalpoliciesfor improvingtourist growth through carbon emission alleviation in China, based on climate importance. …",2026-05-19T13:05:44.482284,"B Roy,SK Upadhyay- adtu.in"
Google Scholar,green,EcotourismPoliciesand Sustainable Development: A Case Study ofSikkim,https://www.igi-global.com/chapter/ecotourism-policies-and-sustainable-development/378844,"… The study evaluates the efficacy of ecotourismpoliciesinSikkim… data sources, includinggovernmentpolicydocuments, academic …Greeninfrastructure development must beSikkim'stop …",2026-05-19T13:05:44.482702,"A Mitra, A Tripathy - Balancing Mountain Tourism, Cultural Heritage …, 2025 - igi-global.com"
Google Scholar,sectors,[B]State level public enterprises inSikkim:policyand planning,https://books.google.com/books?hl=en&lr=&id=fvVxWava72YC&oi=fnd&pg=PR5&dq=sikkim+sectors+policy&ots=KRONmvNQKk&sig=fdTDqEmCXDv7YHrsiaJb9aQ417s,… 1.6 IndustrialPolicyand Infrastructure The Industrialsectorwas not well developed inSikkimduring the pre-merger period. Distillation of wines and liquors was one of the first modern …,2026-05-19T13:06:01.287980,RK Mishra - 2007 - books.google.com
Google Scholar,sectors,"Prioritizingsectorsfor economic development inSikkim, India",https://www.igi-global.com/article/prioritizing-sectors-for-economic-development-in-sikkim-india/114698,… Several interactions withpolicymakers showed that no efforts have been made to usescientific methods for prioritizing these economicsectorsfor decision making both at strategic and …,2026-05-19T13:06:01.288835,"M Mishra,A Jha- International Journal of Asian Business and …, 2014 - igi-global.com"
Google Scholar,sector,Political Changes and Economic Development inSikkim,https://books.google.com/books?hl=en&lr=&id=nMFkEQAAQBAJ&oi=fnd&pg=PA176&dq=sikkim+sector+policy&ots=oFgYAyKlXi&sig=bDDsQG8HnTOrtSr5LfmDLosPisE,"… The above discussion shows thatSikkimhas been a dynamic State in terms of itsformulation ofpolicies, ideologies, forms of governance etc. Since 1994Sikkimwitnessed the …",2026-05-19T13:06:16.764215,"D Rai, S Rai - Hill Economies and Sustainable Development in …, 2019 - books.google.com"
Google Scholar,sector,"[PDF]Economic History ofSikkim: A Study of the Planned Economy, 1954-1971",https://dspace.cus.ac.in/jspui/bitstream/1/7796/1/Amiras%20Luitel-History-M.Phil.pdf,… the economy of an underdeveloped Kingdom likeSikkim. … from the time whenSikkimfellunder the superintendence of British … since the ascendancy of British paramountcy inSikkim. In …,2026-05-19T13:06:16.764502,A Luitel - 2022 - dspace.cus.ac.in
Google Scholar,urban,"Himalayan boom town: rural–urbantransformations in Namchi,Sikkim",https://onlinelibrary.wiley.com/doi/abs/10.1111/dech.12450,"…urbanplanningpoliciesinSikkim, and the South Asia Institute at the University of Texas atAustin for inviting McDuie-Ra to share earlier versions of this work and receive feedback from …",2026-05-19T13:06:34.189390,"D McDuie‐Ra, M Chettri - Development and Change, 2018 - Wiley Online Library"
Google Scholar,urban,Urbanisation and economic growth: Some insights from the Himalayan State ofSikkim,https://journals.sagepub.com/doi/abs/10.1177/00194662241235497,"… Thepolicyaimed to expand the region’s … tourbanchaos, which are primarily caused bymigration, industrialisation and agglomeration, theurbandevelopment expenditure inSikkim…",2026-05-19T13:06:34.189561,"K Singha, LD Sherpa… - The Indian Economic …, 2024 - journals.sagepub.com"
Google Scholar,urban,"[PDF]Post facto, trends and pattern of Urbanity inSikkim",https://www.academia.edu/download/46494694/Post_facto__trends_and_pattern_of_Urbanity_in_Sikkim.pdf,"… planning, monitoring & government interventionpoliciesfor effect in future on natural …However, over 24% of the total population is inherent inurbanareas ofSikkim[20]. The upsurge in …",2026-05-19T13:06:34.190020,"K Paul,D Sharma- Archives of Applied Science Research, 2016 - academia.edu"
Google Scholar,urban,"[PDF]Carbon intensive urbanization, climate variability andurbanvulnerabilities in hill areas: a case of gangtokurbanregion,sikkim",https://www.academia.edu/download/104998268/JIDC_18-4_93.pdf,"… to be part of the largerpolicyplanning at the state level and local action plans. Regionalplans, localurbanplans will have to be prepared based on scientific methods and framework. …",2026-05-19T13:06:34.190612,"SK Acharya,S Bandyopadhyay… - Journal of international …, 2012 - academia.edu"
Google Scholar,urban,Growth of urbanisation and water supply problem inSikkim,https://books.google.com/books?hl=en&lr=&id=nMFkEQAAQBAJ&oi=fnd&pg=PA148&dq=sikkim+urban+policy&ots=oFgYAyKlZf&sig=vqQyc_q_l7h_suhahAya1LLwYaA,"… of totalurbanpopulation ofSikkim. The otherurbancentres of EastSikkimdistrict such as …There is no properpolicyfor the acquisition and disposal of plots inurbanareas. Therefore, …",2026-05-19T13:06:34.192062,"LD Sherpa - Hill economies and sustainable development in …, 2019 - books.google.com"
Google Scholar,population,DecliningPopulationGrowth Rate inSikkim,https://www.shodhpatra.org/papers/volume-2/issue-8/spijsh45329/,"… Thepopulationin this study is the entirepopulationofSikkimas recorded in census report (…documents related topopulationgrowth, health infrastructure, and literacy rate inSikkim. The …",2026-05-19T13:06:50.812754,"R Pradhan, L Tamang, N Bhusal - ShodhPatra: International Journal …, 2025 - shodhpatra.org"
Google Scholar,population,[PDF]SikkimHuman,https://hdr.undp.org/system/files/documents/indiasikkim2001en.pdf,"… majorpolicyinterventions made by the Government ofSikkimin … As per these projections,thepopulationofSikkimwould be 739,000 … in the area ofpopulationmanagement in the State. …",2026-05-19T13:06:50.812947,MP Lama - 2001 - hdr.undp.org
Google Scholar,population,[PDF]Economy and social development of ruralSikkim,https://pdfs.semanticscholar.org/c419/22a39c655455e9988d11818812c766c7f856.pdf,…Sikkim. Lepcha-Bhutias are found mainly in NorthSikkimwhereas Limbus are concentratedin WestSikkim… Gyalshing sub-division of WestSikkimhas been selected for the present study…,2026-05-19T13:06:50.814109,"S Chakraborty,N Chakma- Space and Culture, India, 2016 - pdfs.semanticscholar.org"
Google Scholar,sdg,EnhancingSDG-4 Outcomes through Vocational Education inSikkim,https://hal.science/hal-05217105/,"… influence of vocationalpoliciesand the NEP 2020 on the evolving education landscape ofSikkim. This … This research targets the transformation inSikkim’s institutions, its youth, and its …",2026-05-19T13:07:06.601270,"RP Nepal,PK Das- World Journal of Economics, Business and …, 2025 - hal.science"
Google Scholar,sdg,[PDF]Unveiling the Role of Gender in Sustainable Development: Insights fromSikkim,https://www.researchgate.net/profile/Swati-Babu-2/publication/385749603_Unveiling_the_Role_of_Gender_in_Sustainable_Development_Insights_from_Sikkim/links/67f375b349e91c0feae621ef/Unveiling-the-Role-of-Gender-in-Sustainable-Development-Insights-from-Sikkim.pdf,"… It necessitatespolicyreforms, legislative measures, and targeted … aspects ofSikkim'simpressive performance on theSDGindex and compares it with the actual local perception ofSDG…",2026-05-19T13:07:06.601623,"SS Babu, R Chaudhuri, A Dhan - researchgate.net"
Google Scholar,sdg,[PDF]Geospatial analysis of Socio-Economic Health Gnathang Valley andSikkim-Himalayas,https://er.researchfloor.org/wp-content/uploads/2025/12/Geospatial-analysis-of-Socio-Economic-Health-Gnathang-Valley-and-Sikkim-Himalayas.pdf,"… societal and economic values ofSikkim. The Government have …Sikkimis among the leadingstates to inculcateSDG10 (Reduced inequalities),SDG13 (Climate change impacts),SDG…",2026-05-19T13:07:06.601964,"SP Mishra, A Mondal, T Mondal - Environmental Reports; an …, 2025 - er.researchfloor.org"
Google Scholar,national,The feudal polity and political development inSikkim,https://www.jstor.org/stable/41919237,… We accept the Human multitude within the political boundaries ofSikkimas a community.Sikkimis a plural community with three … All these ethnic stocks are immigrants toSikkimsettled …,2026-05-19T13:07:23.874377,"AC Sinha - Indian Anthropologist, 1973 - JSTOR"
Google Scholar,national,[B]Sikkim: the Story of its Integration with India,https://dspace.cus.ac.in/jspui/bitstream/1/923/1/SIKKIM.pdf,"…Sikkimand they claim to beautochthones ofSikkimproper.' In the beginning of the Seventeenthcentury AD, three Lamas came from Tibet intoSikkim… in itspolicytowardsSikkim. From …",2026-05-19T13:07:23.874549,PR Rao - 1978 - dspace.cus.ac.in
Google Scholar,eco,"Conservationpolicies,eco-tourism, and end of pastoralism in Indian Himalaya?",https://www.frontiersin.org/journals/sustainable-food-systems/articles/10.3389/fsufs.2021.613998/full,… This study was conducted in four village clusters of WestSikkimsituated at the periphery ofthe … These were the most important village clusters for pastoral practices in WestSikkimand …,2026-05-19T13:07:40.539075,"R Singh,RK Sharma, TU Bhutia, K Bhutia… - Frontiers in Sustainable …, 2021 - frontiersin.org"
Google Scholar,eco,TheSikkimEcotourismPolicy-A Review,https://ijassonline.in/AbstractView.aspx?PID=2014-2-4-2,"… accepted by several countries andSikkimis no exception as …Sikkim, with a geographicalarea of 7076 sq. km. is the 22nd … treasures inSikkimare located in the protected areas zone. …",2026-05-19T13:07:40.539235,"S Shenga,A Jha- International Journal of Advances in Social …, 2014 - ijassonline.in"
Google Scholar,temperature,"Climate perceptions of local communities validated through scientific signals inSikkimHimalaya, India",https://link.springer.com/article/10.1007/s10661-016-5582-y,"… This study can provide useful information to all stakeholders, especially to thepolicy…temperaturefrom availabletemperaturerecords also confirm winters are getting warmer inSikkim…",2026-05-19T13:08:12.768706,"RK Sharma, DG Shrestha - Environmental monitoring and assessment, 2016 - Springer"
Google Scholar,temperature,"A comprehensive analysis of long-term trends intemperatureand rainfall patterns inSikkim, India",https://journals.sagepub.com/doi/abs/10.3233/JCC240027,… towards the need for urgency in incorporating climate understandings into thepolicyframeworks to mitigate the adverse effects of climate change and promote sustainability inSikkim. …,2026-05-19T13:08:12.768858,"B Gupta,MM Jose,S Aggarwal… - Journal of Climate …, 2024 - journals.sagepub.com"
Google Scholar,temperature,Analysis ofTemperatureTrends and Variability in Eastern Himalaya: Evidence fromSikkim,https://www.cspub-jcc-submission.org/index.php/jcc/article/view/355,"… and minimumtemperaturesare rising but not statistically significant. On the other hand,summertemperatureshave been relatively stable over the decades. Thesetemperaturesshifts …",2026-05-19T13:08:12.769003,"J Sarkar, Y Nayan,A Dwivedi- Journal of Climate …, 2025 - cspub-jcc-submission.org"
Google Scholar,temperature,A remote sensing based analysis of climate change inSikkimsupported by evidence from the field,https://link.springer.com/article/10.1007/s11629-020-6534-0,"… inSikkimover 20 years. We evaluate the trends in vegetation, rainfall, and surfacetemperatureto … Regional studies such as this one can help drivepolicywhich will help conservation …",2026-05-19T13:08:12.769488,"R Basu, G Misra,D Sarkar- Journal of Mountain Science, 2021 - Springer"
Google Scholar,temperature,Water management systems of two towns in the Eastern Himalaya: case studies of Singtam inSikkimand Kalimpong in West Bengal states of India,https://iwaponline.com/wp/article-abstract/22/S1/107/67253,"… regions, the maximumtemperatureshowed a decreasing trend, whereas the minimumtemperatureshowed an increasing trend. The meantemperatureshowed an increasing trend …",2026-05-19T13:08:12.769634,"G Sharma, C Namchu, K Nyima, M Luitel, S Singh… - WaterPolicy, 2020 - iwaponline.com"
Google Scholar,temperature,"[PDF]Evaluation oftemperatureand precipitation changes under climate change scenarios inSikkimHimalayan region, India",https://www.academia.edu/download/110821345/JWEAM117.pdf,"… extremes and found significant changes in thetemperaturein theSikkim… in theSikkimHimalayan region. Therefore, to fill this research gap, our study aims to assess thetemperature…",2026-05-19T13:08:12.769816,"S Kumar, SR Yadav,A Kumar,T Baghel… - Water Eng …, 2021 - academia.edu"
Google Scholar,resilience,"Climate change and poverty: buildingresilienceof rural mountain communities in SouthSikkim, Eastern Himalaya, India",https://link.springer.com/article/10.1007/s10113-013-0471-1,"… between poverty andresilience, and therefore, it is of utmost importance thatpoliciesand …, this study was conducted in the South district ofSikkim, a remote and drought prone region, …",2026-05-19T13:08:30.759226,"A Barua, S Katyaini,B Mili, P Gooch - Regional environmental change, 2014 - Springer"
Google Scholar,resilience,Buildingresilienceto climate change MGNREGS and climate-induced droughts inSikkim,https://www.jstor.org/stable/pdf/resrep16599.pdf,… The study findings and analysis andpolicyrecommendations presented in this papertriangulates evidence from a review of global and national literature on social protection and …,2026-05-19T13:08:30.759390,"N Kaur, D Steinbach, A Agarwal, C Manuel - 2017 - JSTOR"
Google Scholar,resilience,[PDF]Reducing the VulneRability of the PooR by buildingResilience: a case study fRom southsikkim,http://www.sikkimforest.gov.in/climate-change-in-sikkim/18-Chapter_Reducing%20the%20Vulnerability%20of%20the%20poor%20by%20Building%20Resilience.pdf,"…resiliencemeans, the capacity of a system to ‘bounce back’ to its original form and structure,but in this study we defineresilience… Hence, going by this definition, enhancingresilience…",2026-05-19T13:08:30.759565,"A Barua, S Katyaini,B Mili- Climate Change inSikkimPatterns …, 2012 - sikkimforest.gov.in"
Google Scholar,resilience,"Indigenous governance and climateresiliencein NorthSikkim: A systematic review of the Dzumsa system, gender and biodiversity aligned with SDG 13 and 15",https://link.springer.com/article/10.1007/s10708-026-11575-x,"… Like for theresilienceof traditional pastoral systems in the Eastern Himalaya includingSikkimwhich … At thepolicylevel, the Natonal Action Plan on climate change (NAPCC) and the …",2026-05-19T13:08:30.759707,"B Giri, A Kannaujia, A Bora - GeoJournal, 2026 - Springer"
Google Scholar,resilience,[PDF]MeasuringResilienceto Climate Change inSikkim: Developing a ClimateResilienceIndex,https://api.seea.org.in/uploads/pdf/2025-8519.pdf,"… Significance:Policymakers and Extension agents of the state need to promote and trainthe farmers ofSikkimon climate smart agriculture,Resiliencefarming and build farmers …",2026-05-19T13:08:30.759869,"MV Devi, AA Devi, K Lepcha - api.seea.org.in"
Google Scholar,resilience,"and Response in the State ofSikkim, India",https://books.google.com/books?hl=en&lr=&id=ZAVsEAAAQBAJ&oi=fnd&pg=PA271&dq=sikkim+resilience+policy&ots=I2D6rxokuu&sig=2N31Uq0oc0TVcMUG5DXkgpOnlhE,"… some of statepolicy, plans, and strategies for use of Science, Technology, and people’sparticipation inresilientreconstruction disaster risk reduction in the state.Sikkimstate reconstruc…",2026-05-19T13:08:30.760005,"V Sharma - Disaster Risk Reduction in Asia Pacific: Governance …, 2022 - books.google.com"
Google Scholar,resilience,[PDF]Sikkim'sOrganic Revolution: A Sustainable Agricultural Model for Rural and UrbanResilience,https://wgges.us/wp-content/uploads/021205.pdf,"… ,policy, ecological, and urban dimensions ofSikkim'sorganic farming journey. It evaluatesfarmer perceptions, productivity outcomes,policy… organic farming inSikkimboosted yields, …",2026-05-19T13:08:30.760455,"SC Gaikwad - Environment, 2025 - wgges.us"
Google Scholar,natural,Tourism development in theSikkimhimalaya: balancing growth and sustainability,https://link.springer.com/article/10.1007/s43546-025-00933-5,"…policiesthat reconcile economic growth with environmental sustainability and social well-beinginSikkim… This study examines the sustainability of tourism inSikkim, India, with attention …",2026-05-19T13:08:47.872777,"S Dam - SN Business & Economics, 2025 - Springer"
